Wavelength,H_blocker,K,L,M
1.28205,0.00234087,0.00122118,0.0026412,0.00151181
1.28238,0.000910738,0.00240421,0.00120044,0.00118113
1.28271,0.00463859,0.000718832,0.00218153,0.00111008
1.28304,0.00165644,0.000534773,0.00158262,0.00166035
1.28337,0.000744343,0.00298834,0.00184107,0.00168514
1.2837,0.00176353,0.00365138,0.00573635,0.00289726
1.28403,0.00157408,0.000364065,0.00105524,0.00110364
1.28436,0.00269517,0.00315928,0.00263309,0.00162029
1.28469,0.00207687,0.000306368,0.0023489,0.000843525
1.28502,0.00221945,0.000950813,0.0016799,0.00200629
1.28535,0.000968909,0.00172782,0.00214267,0.00297284
1.28568,0.00231298,0.00226927,0.00173593,0.00170684
1.28601,0.00165391,0.00402832,0.000834942,0.00147581
1.28634,0.00134239,0.000624895,0.00176883,0.00196123
1.28667,0.00190306,0.00175214,0.0018878,0.000638723
1.287,0.000556288,0.00206971,0.000249147,0.00150514
1.28733,0.00161725,0.00150275,0.00186205,0.00209236
1.28766,0.00134581,0.00118089,0.00292826,0.00222516
1.288,0.000526048,0.000977993,0.00139618,0.00161767
1.28833,0.00114792,0.00135612,0.00278139,0.00124764
1.28866,0.00121865,0.000463724,0.00450325,0.0024085
1.28899,0.00254441,1.05E-05,0.00185823,0.00232768
1.28932,0.00094112,0.00353527,0.00215149,0.00100851
1.28966,0.00104051,0.0022614,0.00069356,0.00218701
1.28999,0.000476855,0.00174379,0.0011735,0.00150061
1.29032,0.00388257,0.00133181,0.00085783,0.00156307
1.29066,0.00227004,0.00172353,0.00116181,0.00136185
1.29099,0.0021878,0.00250006,0.00213671,0.000469446
1.29132,0.00216168,0.00370574,0.000983954,0.00498748
1.29166,0.00157918,0.00397134,0.00178933,0.00270772
1.29199,0.00264166,0.00190687,0.0030489,0.00130796
1.29232,0.00093453,0.00208855,0.00177765,0.00237656
1.29266,0.00101104,0.000620127,0.00167584,0.00136161
1.29299,0.00144135,0.00314283,0.00120211,0.00124025
1.29333,0.00237398,0.00135088,0.000862598,0.0019815
1.29366,0.000994884,0.00299692,0.00144649,0.00145602
1.294,0.00295587,0.00153542,0.0016613,0.00273395
1.29433,0.00248873,0.00272465,0.000434875,0.00223208
1.29467,3.92E-05,0.00104237,0.00276327,0.00251722
1.295,0.00152664,0.00229597,0.00134754,0.00240088
1.29534,0.00298744,0.00191689,0.00103951,0.0037868
1.29567,0.00312576,0.00163221,0.00241375,0.00198436
1.29601,0.00177297,0.00215006,0.00157523,0.000967979
1.29634,0.0018067,0.00168133,0.00386667,0.00410342
1.29668,0.00245923,0.0014379,0.00228429,0.00367212
1.29702,0.00164396,0.00142622,0.00166726,0.000717163
1.29735,0.00145353,0.00160551,0.00249529,0.00202036
1.29769,0.00260484,0.000989675,0.00311995,0.00312924
1.29803,0.00202521,0.00340152,0.0016973,0.000913858
1.29836,0.0043335,0.00164175,0.000873804,0.00124979
1.2987,0.00251511,0.00209498,0.0023284,0.00157428
1.29904,0.00044426,0.00189281,0.000443935,0.00357986
1.29938,0.00162095,0.000749826,0.000643015,0.000822782
1.29971,0.000990733,0.00145793,0.00185275,0.00271296
1.30005,0.00379229,0.00061655,0.00215173,0.00170612
1.30039,0.00189415,0.00438356,0.00180817,0.00339031
1.30073,0.00295005,0.00218964,5.60E-05,0.00122833
1.30107,0.000924003,0.00131226,0.00198579,0.00197625
1.30141,0.0021453,0.00212407,0.000841141,0.00110292
1.30174,0.00142178,0.00150824,0.00106883,0.000315905
1.30208,0.000959841,0.00183272,0.000904799,0.0014739
1.30242,0.0011584,0.00315165,0.00181603,0.00174189
1.30276,0.00187115,0.00173402,0.000876904,0.00133848
1.3031,0.0037714,0.000497103,0.00124431,0.00101209
1.30344,0.00146654,0.00207829,0.000555992,0.00162196
1.30378,0.00196427,0.00273681,0.00184631,0.00213385
1.30412,0.00181511,0.00143599,0.00202537,0.0020628
1.30446,0.00121881,0.00282359,0.0011375,0.000838995
1.3048,0.00126358,0.00203633,0.00108647,0.00237775
1.30514,0.0015328,0.0036633,0.00162792,0.00200939
1.30548,0.00236251,0.0023365,0.00156856,0.00010252
1.30582,0.00132421,0.00367546,0.00226808,0.000681162
1.30617,0.000254623,0.00330257,0.00242186,0.00129914
1.30651,0.00115993,0.00102663,0.00204062,0.000705004
1.30685,0.0017162,0.000813484,0.000815153,0.0017693
1.30719,0.00354129,0.000172615,0.00145602,0.000973702
1.30753,0.00152144,0.0019269,0.00153494,0.00190711
1.30787,0.000252124,0.0018568,0.001827,0.00210381
1.30822,0.00194866,0.00154972,0.00290537,0.00205565
1.30856,0.000524226,0.00325251,0.00285316,0.00168633
1.3089,0.00265429,0.00156116,0.00118899,0.00194836
1.30924,0.0024848,0.00359702,0.00189543,0.00217152
1.30959,0.00346009,0.00402403,0.00201464,0.00234604
1.30993,0.00287949,0.00346613,0.000858069,0.00167084
1.31027,0.00213672,0.0026989,0.00217819,0.00281358
1.31062,0.00096316,0.00331521,0.00238395,0.00154042
1.31096,0.0013013,0.00238133,0.00234961,0.001652
1.3113,0.0013885,0.00150299,0.00223732,0.00248575
1.31165,0.00215843,0.00211811,-8.30E-05,0.00240803
1.31199,0.00159822,0.00135231,0.000664234,0.00053525
1.31234,0.00108316,0.00147033,0.000643969,0.0010488
1.31268,0.00299977,0.00111318,0.000413179,0.00283766
1.31303,0.000761663,0.000922441,0.000500679,0.000755549
1.31337,0.00105405,0.00198889,0.000906229,0.0016222
1.31372,0.00194061,0.00334787,0.00249291,0.00340271
1.31406,0.00261201,0.000956774,0.00223017,0.00293422
1.31441,0.0017793,0.00237107,0.00110292,0.00299907
1.31475,0.000711833,0.00251818,0.00145411,0.0026195
1.3151,0.0012293,3.89E-05,0.00164914,0.00173879
1.31544,0.00232549,0.00242138,0.00302863,0.0032804
1.31579,0.00134578,0.0035739,0.00266266,0.00208497
1.31614,0.000974036,0.00146103,0.000833988,0.00109696
1.31648,0.00140023,0.00191736,0.00302005,0.00323701
1.31683,0.000238962,0.00315285,0.00246334,0.000911236
1.31718,0.00190046,0.0019629,0.00231671,0.00149632
1.31752,0.000708005,0.00321555,0.00175381,0.00232339
1.31787,0.00272682,0.00245261,0.000706434,0.000860453
1.31822,0.00317226,0.00136304,0.00147438,0.000678301
1.31857,0.00153784,0.00276732,0.000634432,0.00161362
1.31891,0.000796903,0.00234604,0.00137615,0.000588417
1.31926,0.00129956,0.00177503,0.000896931,0.00100565
1.31961,0.00178203,0.00140619,0.00178623,0.00168705
1.31996,0.000622578,0.00282788,0.00123811,0.000343323
1.32031,0.00117161,0.00269484,0.00253964,0.00122476
1.32066,0.00297799,0.000389099,0.00158072,0.000808239
1.321,0.00320185,0.00333643,0.00311399,0.000823259
1.32135,0.00208904,0.00539684,0.000296354,0.0020659
1.3217,0.00278862,0.00212431,0.00177503,0.00203514
1.32205,0.000726884,0.00361419,0.0021708,0.00130057
1.3224,0.00121448,0.00159431,0.00149107,0.0011785
1.32275,0.00151633,0.00436401,0.00225162,0.00129414
1.3231,0.00247202,0.00543356,0.000745058,0.00127745
1.32345,0.00157969,0.00295401,0.000480413,0.00201058
1.3238,0.00125543,0.00294447,0.00223708,0.000998259
1.32415,0.000577602,0.00416708,0.00145316,0.00176525
1.3245,0.000237103,0.00300431,0.000472546,0.00199723
1.32485,0.00280253,0.00257707,0.0021205,0.0021472
1.32521,0.00225011,0.00356674,0.000799894,0.00139546
1.32556,0.00209662,0.00480557,0.00320458,0.00199723
1.32591,0.0013214,0.00398302,0.00235462,0.00242495
1.32626,0.00102641,0.0055151,0.00180554,0.0021472
1.32661,0.0011743,0.00500512,0.00238085,0.00266194
1.32696,0.00185418,0.00421977,0.0008533,0.00136375
1.32732,0.00135528,0.00407863,0.00293851,0.00307012
1.32767,0.00119775,0.00526214,0.00205302,0.000943422
1.32802,0.00221049,0.00276041,0.000603676,0.000481129
1.32837,0.00047478,0.00506854,0.000280619,0.00206137
1.32873,0.000622438,0.00641179,0.00059557,0.00197101
1.32908,0.000643376,0.00401711,0.00302362,0.00367212
1.32943,0.001024,0.00471163,0.00253773,0.000244141
1.32979,0.000446286,0.00599003,0.00191641,0.00176883
1.33014,0.000702717,0.00603437,0.00246835,0.00199199
1.33049,0.00121227,0.00439453,0.00192046,0.000579596
1.33085,0.00161541,0.00482511,0.00114775,0.00135493
1.3312,0.00128271,0.00736427,0.000509739,0.00208259
1.33156,0.00168524,0.00721622,0.00108218,0.00257134
1.33191,0.00118298,0.00585079,0.000871658,0.00284815
1.33227,0.00211305,0.00780511,0.00115633,0.000967979
1.33262,0.00208212,0.00616956,0.0014751,0.00223398
1.33298,0.000832076,0.00617742,0.00142002,0.0011735
1.33333,0.000838782,0.0076561,0.00138617,0.000617027
1.33369,0.00174325,0.00760198,0.000983,0.00165248
1.33404,0.00210458,0.00687575,0.0015924,0.00143075
1.3344,0.0014224,0.006814,0.00176001,0.00145245
1.33476,0.0019492,0.00816321,0.00243854,0.00134635
1.33511,0.00139381,0.00842118,0.000687838,0.0014348
1.33547,0.000118255,0.00769043,0.00228787,0.00154757
1.33583,0.00224497,0.0125151,0.00220084,0.000253916
1.33618,0.00204716,0.00880313,0.00230765,0.00140309
1.33654,0.000815662,0.00907612,0.000660896,0.00077939
1.3369,0.00117916,0.00655651,0.00158429,0.00157571
1.33726,0.00098866,0.00998235,0.00150657,0.00196362
1.33761,0.000858592,0.0115371,0.000649691,0.00241375
1.33797,0.000187213,0.00927687,0.00136113,0.000334024
1.33833,0.000947222,0.00978208,0.0015173,0.000750303
1.33869,0.000492418,0.0118017,0.00206661,0.00140262
1.33905,0.00269206,0.0112226,0.00063467,0.00179577
1.33941,0.00145437,0.0108492,0.00148249,0.000449657
1.33976,0.000726955,0.01145,0.00403237,0.00164127
1.34012,0.00149322,0.0102494,0.000685692,0.000928164
1.34048,0.00106828,0.0125086,0.00382066,0.0011394
1.34084,0.00138258,0.011296,0.00267243,0.000996828
1.3412,0.00250244,0.010658,0.00118017,0.000636101
1.34156,0.00153622,0.0113816,0.000781536,0.00141335
1.34192,0.00147989,0.011595,0.00082922,0.00199008
1.34228,0.000620491,0.0160589,0.00249815,0.00114536
1.34264,0.0032271,0.0129807,0.00125313,0.00162673
1.343,0.0033469,0.0117607,0.00167823,0.00197601
1.34336,0.000492666,0.0132286,0.00190544,0.00188899
1.34372,0.00132627,0.0139768,0.000306368,0.000911236
1.34409,0.00122271,0.0125813,0.00177312,0.000571728
1.34445,0.000778202,0.0159457,0.00310802,-9.08E-05
1.34481,0.00064167,0.0150285,0.00236034,0.00130844
1.34517,0.00142223,0.0134912,0.0013268,0.00111937
1.34553,0.00246417,0.015151,0.00235581,0.00166964
1.3459,0.000899121,0.0146263,0.00143814,0.00198364
1.34626,0.000683737,0.0159135,0.0015018,0.00126243
1.34662,0.00142394,0.0165684,0.0033853,0.00186801
1.34698,0.000961212,0.0134449,0.00116157,0.00250983
1.34735,0.00204691,0.0151362,0.00366402,0.000948667
1.34771,0.00158589,0.014971,0.00130439,0.000358581
1.34807,0.000721107,0.0176318,0.000482559,0.00121093
1.34844,0.000986071,0.0145991,0.000608444,0.00289488
1.3488,0.000421311,0.0167162,0.00156259,0.00134182
1.34916,0.000374753,0.0174346,0.000669956,0.00120091
1.34953,0.000688169,0.0166099,0.00029397,0.00143743
1.34989,0.00268327,0.0160887,0.0018661,0.00180864
1.35026,0.000867708,0.0159135,0.00268078,0.00134444
1.35062,0.00035193,0.0187046,0.0015564,0.00120783
1.35099,0.000980852,0.017962,0.00305724,0.000875711
1.35135,0.00225325,0.0191121,-4.08E-05,0.00190353
1.35172,0.00127046,0.0172963,0.00137448,0.00210261
1.35208,0.00234116,0.0168943,0.00135231,0.000729322
1.35245,0.00176542,0.0170026,0.000590086,0.00249171
1.35281,0.000791489,0.0180197,0.00153232,0.00236821
1.35318,0.000538017,0.0198369,0.00118971,0.00064373
1.35355,0.000497457,0.0174182,0.000592709,0.00244379
1.35391,0.000872735,0.0152702,0.00265956,0.000754118
1.35428,0.00111,0.0169022,0.00151229,0.0006423
1.35465,0.00213533,0.0181558,0.00271273,0.00260568
1.35501,0.000844225,0.0201147,0.00262284,0.00106358
1.35538,0.000193468,0.0169406,0.00074172,0.00218487
1.35575,0.0007679,0.0171514,0.000790119,0.00277424
1.35612,0.00241314,0.0183165,0.00181651,0.000556946
1.35648,0.00285276,0.0168574,0.00143814,0.00168848
1.35685,0.00199173,0.0171299,0.000845194,0.00114059
1.35722,0.0010527,0.0174666,0.00104356,0.00120664
1.35759,0.00129231,0.018825,0.00145578,0.00331831
1.35796,0.00179593,0.017205,0.00176668,0.00136971
1.35833,0.00121645,0.0211875,0.00139308,0.00135231
1.3587,0.00087899,0.0188806,0.000302076,0.0029192
1.35906,0.00128918,0.0184307,0.00245333,0.00131154
1.35943,0.00207605,0.0165226,0.00110173,0.00172663
1.3598,0.0015145,0.0197163,0.00232506,0.00230908
1.36017,0.000483678,0.0172963,0.00166106,0.00306225
1.36054,0.00270612,0.0171053,0.00260091,0.00252104
1.36091,0.00274047,0.0193605,0.000783443,0.00199509
1.36129,0.00215757,0.0206139,0.000563621,0.00102949
1.36166,0.00130838,0.0169396,0.00167751,0.000941992
1.36203,0.00189077,0.0172701,0.00172138,0.00178051
1.3624,0.000983793,0.0180998,0.00170946,0.00154185
1.36277,0.00146479,0.0174301,0.00209522,0.00113201
1.36314,0.00139708,0.0170722,0.000854015,0.000830174
1.36351,0.000705458,0.0196359,0.00145745,0.000650406
1.36388,0.000790075,0.0172336,0.00179243,0.0010488
1.36426,0.00200898,0.0175617,0.00214982,0.0017724
1.36463,0.00172629,0.0188003,0.000946522,0.00278139
1.365,0.0021712,0.0170693,0.00127173,0.00137854
1.36537,0.0012473,0.0187263,0.00140786,0.0020752
1.36575,0.00153639,0.018249,0.00159478,0.0014441
1.36612,0.00150078,0.0198686,0.0013063,0.00131416
1.36649,0.00066625,0.0188267,0.00040698,0.00179243
1.36687,0.000847772,0.0186658,0.00280428,0.00309253
1.36724,0.000376638,0.0180733,0.000579834,0.00114441
1.36761,0.00176137,0.0185752,0.0011301,0.00128126
1.36799,0.00133038,0.0206461,0.00168681,0.00124931
1.36836,0.000120375,0.0181282,0.00155544,0.0022924
1.36874,0.00100029,0.0191853,0.000421524,0.000882864
1.36911,0.00106814,0.0161421,0.00211644,0.00215507
1.36949,0.00186819,0.0174994,0.00183606,0.00115228
1.36986,0.00110206,0.0192418,0.00142741,0.00105715
1.37024,0.0011004,0.016396,0.00103712,0.00293708
1.37061,0.00247419,0.0196063,0.00101519,0.00277996
1.37099,0.00178361,0.0180719,0.000929117,0.000515223
1.37137,0.00062688,0.0175526,0.000752211,0.00136638
1.37174,0.00210983,0.0178559,0.000810623,0.0015676
1.37212,0.000553362,0.0172558,0.00251293,0.0019176
1.3725,4.11E-05,0.0150693,0.00231266,0.00181055
1.37287,0.000366708,0.018131,0.00152302,0.000909328
1.37325,0.00258649,0.0176213,0.000974894,0.00155664
1.37363,0.00136985,0.0182221,0.00120115,0.00172687
1.374,0.00159926,0.0178237,0.000740766,0.00160909
1.37438,0.00155286,0.0174534,0.000563145,0.00262046
1.37476,0.00119532,0.0182343,0.00214601,0.00210071
1.37514,0.000782588,0.0172687,0.00310802,0.00106096
1.37552,0.00115268,0.0169547,0.0017941,0.00096035
1.37589,0.00145498,0.0156918,0.00195074,0.00134253
1.37627,0.0017856,0.0167026,0.00046587,0.00275946
1.37665,0.0015277,0.0162389,0.00171566,0.00213528
1.37703,0.00113548,0.0165498,0.00111794,0.000812292
1.37741,0.000694964,0.0176988,0.00208783,0.00078845
1.37779,0.000724349,0.0183363,0.000836611,0.00140643
1.37817,0.000772631,0.0163028,0.00247693,0.000628233
1.37855,0.00174591,0.0188832,0.00168848,0.000694752
1.37893,0.000803207,0.0158467,0.00178051,0.000916004
1.37931,0.00110229,0.0164955,0.00163937,0.00116157
1.37969,0.00128795,0.0162137,0.00119758,0.000773907
1.38007,0.00164414,0.0175805,0.00105238,0.00124645
1.38045,0.00131275,0.0176535,0.00127101,0.00363946
1.38083,0.00106017,0.016885,0.000650883,0.002805
1.38122,0.00181545,0.0156968,0.00067997,0.00147963
1.3816,0.00184301,0.0178647,0.000802994,0.000744581
1.38198,0.00153431,0.0149026,0.00133038,0.000803947
1.38236,0.000617012,0.016257,0.00229168,0.00104022
1.38274,0.000736967,0.0183155,0.000117779,0.00108457
1.38313,0.00158924,0.0185766,0.00247192,0.00237393
1.38351,0.000366774,0.0172253,0.00254583,0.00309253
1.38389,0.00230742,0.0158839,0.000922441,0.00227714
1.38427,0.00206503,0.0139916,0.000741482,0.00108695
1.38466,0.00021683,0.0151348,0.000904799,0.000823975
1.38504,0.000796406,0.0166628,0.00258565,0.00136971
1.38543,0.000804283,0.0164933,0.00110626,0.00198865
1.38581,0.000964264,0.0151036,0.000230312,0.00203729
1.38619,0.00142843,0.0161622,0.000934601,0.000720501
1.38658,0.00143457,0.014868,0.00110984,0.00264668
1.38696,0.000551637,0.0146549,0.000960589,0.00162458
1.38735,0.00186402,0.0155149,0.00136066,0.00163841
1.38773,0.00142925,0.0163259,0.00268435,0.00183129
1.38812,0.000636684,0.0137518,0.0024147,0.00158787
1.3885,0.00167343,0.0151284,0.00132823,0.000983715
1.38889,0.00143231,0.0139689,0.00202417,0.000233412
1.38927,0.000184405,0.0141516,0.000671387,0.00141311
1.38966,0.000553141,0.0143738,0.000780582,0.00106907
1.39005,0.00137807,0.0140746,0.00161695,0.000731707
1.39043,0.000922953,0.0132427,0.000277996,0.00136209
1.39082,0.000931363,0.0133893,0.000872612,0.0014267
1.39121,0.00108442,0.0152264,0.00126791,0.00156426
1.39159,0.00107919,0.0142846,0.00129867,0.000725269
1.39198,0.000972418,0.0167954,0.0014329,0.00223851
1.39237,0.00124805,0.015295,0.00175595,0.000885248
1.39276,0.0010474,0.0142331,0.00179291,0.0012188
1.39315,0.000499186,0.0143671,0.000589132,0.00239825
1.39353,0.000807743,0.0149784,0.000260115,0.00242376
1.39392,0.00133007,0.0138395,0.001333,0.00152922
1.39431,0.00209705,0.0149047,0.0024724,0.000773907
1.3947,0.00111748,0.0151486,0.00139379,0.00185847
1.39509,0.00137143,0.0147371,0.00183845,0.000833511
1.39548,0.000860377,0.0148053,0.00233626,0.000499487
1.39587,0.000702625,0.0148687,0.00117254,0.00155401
1.39626,0.000293811,0.0157506,0.000747681,0.00202775
1.39665,0.000922738,0.0149088,0.000841618,0.00124836
1.39704,0.00107899,0.0143843,0.0011394,0.00122237
1.39743,0.00151634,0.0144692,0.000550032,0.00119519
1.39782,0.000701463,0.015398,0.000531197,0.00188303
1.39821,0.00327463,0.0135858,0.0014224,0.00115395
1.3986,0.000776246,0.014406,0.00220108,0.00201368
1.39899,0.00156398,0.0140364,0.00143957,0.00156736
1.39938,0.00145891,0.0144672,0.000365257,0.001158
1.39978,0.0011882,0.0133672,0.00281858,0.00154614
1.40017,0.00179548,0.01489,0.00130343,0.00171948
1.40056,0.00228743,0.014025,0.00172114,0.00158048
1.40095,0.0017983,0.0135183,0.00118017,0.00106335
1.40135,0.00200903,0.0152955,0.00119662,0.00153661
1.40174,0.00111142,0.012866,0.00120974,0.00172162
1.40213,0.000729586,0.0136483,0.0012145,0.00162148
1.40252,0.0016817,0.0147517,0.00126147,0.00204349
1.40292,0.00183726,0.0141485,0.00118875,0.00216746
1.40331,0.0013969,0.0129106,0.00260115,0.00127768
1.40371,0.00259957,0.0129721,0.000571489,0.00138617
1.4041,0.00394907,0.0131128,0.00133395,0.00280619
1.40449,0.00241316,0.0139859,0.00149083,0.00148416
1.40489,0.00128618,0.0139513,0.000651121,0.000845194
1.40528,0.00236639,0.0139372,0.000525236,0.000882149
1.40568,0.00182763,0.0134823,0.000780344,0.000892878
1.40607,0.00121717,0.0129869,0.000933647,0.00065279
1.40647,0.00177299,0.0128608,0.000535011,0.00109601
1.40687,0.00257495,0.0135374,0.00104022,0.00234556
1.40726,0.00157388,0.0135431,0.00100136,0.000789166
1.40766,0.00165986,0.014652,0.0009408,0.000176191
1.40805,0.00232803,0.0121095,0.00101709,0.00145125
1.40845,0.00218002,0.0128305,0.00192618,0.00210595
1.40885,0.00205793,0.0135293,0.000957012,0.00162744
1.40924,0.00228664,0.0127854,0.00182414,0.00112104
1.40964,0.00432055,0.0115025,0.000936031,0.000372887
1.41004,0.00304386,0.0113912,0.00112367,0.00117516
1.41044,0.00161456,0.0119269,0.000573635,0.00142813
1.41084,0.00301187,0.0134735,0.00174284,0.0013485
1.41123,0.00274228,0.0138881,0.00127387,0.000335693
1.41163,0.00317554,0.0145905,0.00224471,0.00295496
1.41203,0.00308712,0.013248,0.000873089,0.00142765
1.41243,0.00216638,0.010442,0.00157618,0.000449419
1.41283,0.00383432,0.0121443,0.00113583,0.000757217
1.41323,0.00320843,0.0112829,0.00138164,0.000914812
1.41363,0.00247363,0.0114224,0.00233531,0.000335217
1.41403,0.00391939,0.0128317,0.00250077,0.000224352
1.41443,0.00322766,0.0127492,0.00067091,0.000952005
1.41483,0.0033474,0.0131392,0.00117874,0.00174284
1.41523,0.00514729,0.0113049,0.000346422,0.00182128
1.41563,0.0044504,0.0115092,0.000724077,0.00131702
1.41603,0.00483929,0.0120051,0.0020113,0.000651836
1.41643,0.00415942,0.0118461,0.0017271,0.000594139
1.41683,0.00416227,0.0136924,0.00154448,0.000611544
1.41723,0.0036247,0.0109003,0.00176191,0.000513077
1.41764,0.00533668,0.00940967,0.00181031,0.00151992
1.41804,0.00514853,0.0115271,0.000362396,0.00176907
1.41844,0.00605622,0.0111425,0.00132775,0.00057435
1.41884,0.00459185,0.0121303,0.00109744,0.00196552
1.41924,0.00567587,0.0107644,0.000952244,0.00110674
1.41965,0.00585707,0.0118377,0.000726461,0.000566482
1.42005,0.00634639,0.0126615,0.00166964,0.00143623
1.42045,0.00619647,0.0109386,0.00043416,0.000244379
1.42086,0.00785139,0.0103741,0.000560999,0.00167727
1.42126,0.00615592,0.0101147,0.00136757,0.0015986
1.42167,0.00670403,0.0105631,0.000260115,0.00101685
1.42207,0.00540881,0.010639,0.000580072,0.00163197
1.42248,0.00652249,0.00949216,0.000622034,0.00183582
1.42288,0.00707676,0.0113034,0.00142646,0.00162005
1.42328,0.00708429,0.0103409,0.001827,0.00133705
1.42369,0.00759038,0.0101354,0.00135922,0.00165033
1.4241,0.00745392,0.0115557,0.00159526,0.00145078
1.4245,0.00822595,0.0115836,0.00137615,0.000161409
1.42491,0.00907659,0.0102289,0.00142145,0.000561476
1.42531,0.00836064,0.009727,0.000185013,-3.58E-05
1.42572,0.00831531,0.0108607,0.000865459,0.000751972
1.42613,0.00914034,0.0102248,0.00116348,0.000575781
1.42653,0.00922826,0.00943923,0.00122523,0.00114846
1.42694,0.00933505,0.0104489,0.0021677,0.00191975
1.42735,0.00958622,0.0109975,0.00177956,0.00141406
1.42776,0.011264,0.0108612,0.00061965,0.00102115
1.42816,0.0112457,0.00999928,0.00107431,0.0015645
1.42857,0.0109306,0.00963259,0.00193954,0.00116134
1.42898,0.0124016,0.0105908,0.00077486,0.00174952
1.42939,0.0121195,0.00994801,0.00099206,0.002671
1.4298,0.0120946,0.0105834,0.00109434,0.00203085
1.43021,0.0133169,0.00989151,0.00107908,0.00144076
1.43062,0.014263,0.00985575,0.00140286,0.00119329
1.43102,0.0143904,0.00974941,0.00141478,0.00171876
1.43143,0.0152421,0.00943422,0.00116563,0.00149798
1.43184,0.0149299,0.0113637,0.00117326,0.00140095
1.43225,0.0150138,0.0109839,0.00120759,0.00103259
1.43266,0.0155312,0.0099225,0.000301361,0.00174499
1.43308,0.0163804,0.0116625,0.00148129,0.00055337
1.43349,0.0165465,0.00839543,0.0015707,0.00123119
1.4339,0.0174661,0.0106807,9.20E-05,0.00118136
1.43431,0.0182725,0.0109162,0.000748873,0.00152111
1.43472,0.0179996,0.0097239,0.00117564,0.000940561
1.43513,0.0193012,0.00952101,0.00137877,0.00220823
1.43554,0.0193002,0.00984383,0.00122261,0.00113154
1.43596,0.0203352,0.00944614,1.69E-05,0.00123978
1.43637,0.0208858,0.0100637,0.00143242,0.000951052
1.43678,0.021311,0.00970149,0.00182009,0.000684023
1.43719,0.022619,0.00945735,0.000516653,0.000573635
1.43761,0.0238732,0.00900125,0.00121141,0.000989675
1.43802,0.0239986,0.00951648,0.000804424,0.00109339
1.43843,0.0239811,0.0101097,0.00128603,0.000541449
1.43885,0.0258005,0.00943303,0.00133753,0.00094986
1.43926,0.0270805,0.0103009,0.00107121,0.00197911
1.43968,0.0278565,0.00978732,0.00145435,0.00158358
1.44009,0.0270656,0.00924396,0.000749826,0.000783443
1.44051,0.0293288,0.00936675,0.000295639,0.00198102
1.44092,0.0308669,0.0110772,6.68E-05,0.00146222
1.44134,0.0336396,0.0101514,0.0014019,0.00319505
1.44175,0.0329738,0.0105898,0.00099659,0.00121379
1.44217,0.0340967,0.0102589,0.000454664,0.000859737
1.44259,0.0367141,0.00911617,0.00174642,0.00134158
1.443,0.0375685,0.00920343,0.000475884,0.00120115
1.44342,0.0379232,0.00718236,0.000363827,0.000468731
1.44383,0.0396816,0.00940371,0.000929833,0.00150752
1.44425,0.0417964,0.00891161,0.00105309,0.00024128
1.44467,0.0439591,0.00954843,0.000728846,0.000833035
1.44509,0.0455169,0.00949359,0.00131607,0.000394821
1.4455,0.0473766,0.00906062,0.00100064,0.000995159
1.44592,0.0482436,0.00962186,0.000472784,0.00147867
1.44634,0.0514236,0.00899911,0.00124168,0.00148797
1.44676,0.0524778,0.00831509,0.00213456,0.00128508
1.44718,0.0540662,0.00730729,0.00120473,8.13E-05
1.4476,0.0560657,0.00965047,0.000741005,0.00091958
1.44802,0.0594074,0.00900721,0.000324011,0.00136661
1.44844,0.0623831,0.00775218,0.00125742,0.000998497
1.44886,0.0643598,0.0107298,0.000892878,0.00138235
1.44928,0.0670429,0.00995302,0.00137043,0.00105882
1.4497,0.0697108,0.00884819,0.00124073,0.000139475
1.45012,0.0715157,0.00944114,0.000391722,0.00031662
1.45054,0.0752543,0.00917578,0.000714541,0.00120902
1.45096,0.0782709,0.00789428,0.000890017,0.00163555
1.45138,0.081105,0.0092268,0.00156593,0.000764131
1.4518,0.0847366,0.00959492,0.000821829,0.00096035
1.45222,0.088565,0.00888801,0.000653744,0.000685692
1.45264,0.0918078,0.00780082,0.00144935,0.000658274
1.45307,0.0938207,0.00962114,0.000323057,8.99E-05
1.45349,0.100122,0.00744176,0.00113106,0.00143242
1.45391,0.102115,0.00784564,0.00135851,0.00139022
1.45433,0.107439,0.00856352,0.000157833,0.00028944
1.45476,0.110958,0.00828314,0.000394106,0.000672579
1.45518,0.116403,0.00784874,0.000614882,0.000546694
1.4556,0.120035,0.00854874,0.000874996,0.00166082
1.45603,0.125822,0.0076592,0.00174475,9.42E-05
1.45645,0.129071,0.00712061,0.00131011,0.000198364
1.45688,0.135038,0.00709152,0.00148439,0.000692606
1.4573,0.140552,0.00830698,0.000426769,0.00117636
1.45773,0.146227,0.00951219,0.000560999,0.00115299
1.45815,0.149753,0.00808358,0.00162768,0.000803471
1.45858,0.155757,0.0086143,0.00102377,0.000573873
1.459,0.161809,0.00804329,0.000711918,0.000680924
1.45943,0.165672,0.0081532,0.000397205,0.00101614
1.45985,0.171959,0.00761247,0.0013032,0.00153518
1.46028,0.177926,0.00866151,0.000952244,0.00116324
1.46071,0.1832,0.00813937,0.000882149,0.00113344
1.46113,0.190592,0.00786185,0.000451088,0.000917912
1.46156,0.19576,0.00704765,0.00158572,0.000818253
1.46199,0.199902,0.00814605,0.00217843,0.000926256
1.46242,0.20649,0.00747895,0.00063014,0.00139737
1.46284,0.212837,0.00821185,0.00111556,0.00120735
1.46327,0.219704,0.00827861,0.00113416,0.000595093
1.4637,0.225099,0.00815582,0.001127,0.00112176
1.46413,0.230448,0.00568914,0.000400066,0.00139332
1.46456,0.237403,0.00754881,0.00124431,0.000864983
1.46499,0.24313,0.00715518,0.000288248,0.000419855
1.46542,0.250216,0.0075686,0.00157547,0.00024724
1.46585,0.255658,0.00711727,0.000816345,0.00102806
1.46628,0.260644,0.00699592,0.00264668,0.000653982
1.46671,0.266372,0.00782394,0.000523329,0.000719547
1.46714,0.270928,0.007622,0.000546455,0.00130343
1.46757,0.276989,0.00638819,0.001508,0.00105715
1.468,0.283048,0.00803018,0.000742436,0.000478268
1.46843,0.286775,0.0078094,0.000956297,0.000662327
1.46886,0.290384,0.0080688,0.00095892,0.00116754
1.46929,0.295972,0.00771594,0.00105452,0.00120878
1.46972,0.301501,0.00794721,0.000998497,0.00175858
1.47016,0.306795,0.00749755,0.00015378,0.00112224
1.47059,0.308665,0.00826168,0.000550747,0.000520945
1.47102,0.313812,0.00790358,0.000736952,0.00096941
1.47145,0.318104,0.00712156,0.000901938,0.000473022
1.47189,0.322225,0.00723863,0.000848293,0.000981569
1.47232,0.325314,0.00735784,0.000295639,0.00111341
1.47275,0.329048,0.00764275,0.000583887,0.00105977
1.47319,0.331461,0.00739598,0.000983715,0.000719309
1.47362,0.333775,0.00669885,0.000498056,0.000400305
1.47406,0.338385,0.00660801,0.000429153,0.000541449
1.47449,0.340674,0.00536776,0.000617743,0.00023818
1.47493,0.343901,0.00718307,0.000189304,0.000670433
1.47536,0.345474,0.00770998,0.00137329,0.00105786
1.4758,0.349989,0.0075779,0.000795126,0.000644684
1.47623,0.351411,0.00763965,0.000135183,0.00037694
1.47667,0.354058,0.00744581,0.0017314,0.000565767
1.4771,0.357318,0.00628567,0.000906467,0.000530243
1.47754,0.357841,0.00708175,0.000221968,0.000632525
1.47798,0.358864,0.00755119,0.00148201,0.000769854
1.47842,0.360541,0.00720096,0.00112391,0.000557184
1.47885,0.362859,0.00802398,0.000714302,0.000862837
1.47929,0.365001,0.00701284,0.000425816,0.00137806
1.47973,0.366783,0.0066886,0.000740766,0.000152826
1.48017,0.368636,0.00737953,0.00124884,0.000315666
1.4806,0.370706,0.00610471,0.00138354,0.000295639
1.48104,0.373075,0.00746369,0.000914097,0.00110912
1.48148,0.374453,0.006392,0.00077939,0.000693798
1.48192,0.376037,0.00766325,0.00115299,0.000469685
1.48236,0.37765,0.00697303,0.00178575,0.0004251
1.4828,0.378321,0.00707769,0.000783443,0.000632286
1.48324,0.37993,0.00731873,0.000683069,0.000470877
1.48368,0.3804,0.00756597,0.000127077,0.000494719
1.48412,0.381067,0.00666451,0.00101066,0.000855446
1.48456,0.384407,0.00566745,0.00137806,0.000487328
1.485,0.38594,0.00717688,0.00118494,0.000248194
1.48544,0.386647,0.0069077,0.000808239,0.000551224
1.48588,0.391482,0.00602078,0.000565052,0.00126076
1.48633,0.390701,0.00714755,0.000652552,0.000824928
1.48677,0.392676,0.00742626,0.00020504,0.00164652
1.48721,0.395144,0.0064733,0.000534534,0.000869036
1.48765,0.396998,0.00684142,0.00134611,0.000570774
1.4881,0.396695,0.00527787,0.00115967,0.000533342
1.48854,0.399524,0.00725651,0.000508785,0.000291348
1.48898,0.40096,0.0070622,0.000198364,0.00128365
1.48943,0.404742,0.00501156,0.000858069,0.00138879
1.48987,0.406435,0.00565648,0.000994444,0.00120163
1.49031,0.408736,0.00574112,0.00114918,0.000887155
1.49076,0.408981,0.00657129,0.0010972,0.000780344
1.4912,0.413221,0.00656486,0.000577688,0.00102687
1.49165,0.413546,0.00582266,0.000457525,0.000640392
1.49209,0.416624,0.00739741,0.000653744,0.000566721
1.49254,0.418596,0.00602627,0.000570297,0.000670672
1.49298,0.422627,0.00641632,0.00118399,0.00182152
1.49343,0.423573,0.00662851,0.0014224,0.00159979
1.49388,0.426148,0.00625682,0.000735998,0.000963211
1.49432,0.430424,0.00616694,0.00080657,0.000434875
1.49477,0.431706,0.00733662,0.0015738,0.00146079
1.49522,0.43343,0.00649786,0.000722408,0.00116062
1.49566,0.437863,0.00610113,7.20E-05,0.00066328
1.49611,0.439881,0.00654125,0.000982046,0.00158596
1.49656,0.443944,0.0064795,0.00151253,0.000526667
1.49701,0.446514,0.00638676,0.00103855,0.000611305
1.49745,0.448261,0.00700879,0.00144434,0.000968933
1.4979,0.452752,0.00566268,0.00101233,0.000264168
1.49835,0.454404,0.0052278,0.000209808,2.67E-05
1.4988,0.458394,0.00552916,0.00183368,0.000715494
1.49925,0.460891,0.00601864,0.000655889,0.00143242
1.4997,0.465834,0.00640988,0.00180316,0.000801325
1.50015,0.468076,0.00584149,0.000386476,0.000604153
1.5006,0.472094,0.00650191,0.00217724,0.00159073
1.50105,0.471899,0.00604606,0.00117326,0.000673056
1.5015,0.479872,0.0058496,0.00116587,0.000899792
1.50195,0.482963,0.0065577,0.00102973,0.000760078
1.5024,0.486222,0.00596476,0.000644445,0.000149965
1.50286,0.488006,0.00664759,0.000523567,0.00120592
1.50331,0.493412,0.00653458,0.000744343,0.00100875
1.50376,0.496372,0.00673294,0.0006814,0.000443935
1.50421,0.50213,0.00550866,0.000696897,0.000596046
1.50466,0.502887,0.00563097,0.00157046,0.000868559
1.50512,0.507512,0.00482488,0.00127387,0.00119066
1.50557,0.510955,0.00608969,0.000659704,0.00128484
1.50602,0.515685,0.00546431,0.000864029,0.00121307
1.50648,0.519378,0.00622129,0.000605106,0.000509262
1.50693,0.522719,0.00527644,0.000821352,0.0013473
1.50739,0.525564,0.0050137,0.000455856,0.0006814
1.50784,0.529874,0.0064404,0.000567913,0.00102329
1.5083,0.532907,0.00700211,0.000350714,0.000848532
1.50875,0.536566,0.00657034,0.000406265,0.00104618
1.50921,0.541128,0.00591564,0.000812769,0.000968218
1.50966,0.544344,0.00433588,0.00139308,0.000672817
1.51012,0.548941,0.00595856,0.00128698,0.000727415
1.51057,0.552482,0.0048914,0.00115252,0.0008986
1.51103,0.555497,0.00504589,0.00125074,0.00122047
1.51149,0.558685,0.00591373,0.00075388,0.00111389
1.51194,0.564822,0.00470972,0.0006423,0.000325441
1.5124,0.566909,0.00510001,0.000602961,0.00120616
1.51286,0.571578,0.00521755,0.000854731,0.000850439
1.51332,0.573798,0.0047698,0.00079298,0.000447512
1.51378,0.578566,0.00509524,8.94E-05,0.000771999
1.51423,0.582627,0.00543952,0.000522852,0.000841856
1.51469,0.585567,0.00562215,0.000608206,8.06E-05
1.51515,0.58826,0.00458288,0.000992775,0.000504732
1.51561,0.59436,0.00497341,0.000995398,0.000694752
1.51607,0.595455,0.00582123,0.00112152,0.000291824
1.51653,0.60018,0.00527787,0.00062561,0.000925779
1.51699,0.602121,0.00470638,0.000640869,0.000784159
1.51745,0.605074,0.0048902,0.00165272,0.000261307
1.51791,0.607888,0.00540423,0.00148416,0.000840902
1.51837,0.612686,0.00538325,0.00114703,0.000466347
1.51883,0.614626,0.00533843,0.00120902,0.000890017
1.5193,0.616914,0.00554919,0.0012753,0.000805378
1.51976,0.619866,0.00508094,0.00029707,0.000326395
1.52022,0.62191,0.00529003,0.00049758,0.000326157
1.52068,0.624774,0.00447965,0.000755787,0.000141859
1.52114,0.629492,0.00573325,0.000746727,0.000926256
1.52161,0.630809,0.00645208,8.32E-05,0.00104189
1.52207,0.630568,0.00510621,0.00126386,0.000681877
1.52253,0.633824,0.00457716,0.000984669,0.00135875
1.523,0.63455,0.00460362,0.000323296,0.000712872
1.52346,0.638146,0.00524235,0.000310421,0.00062108
1.52393,0.638811,0.00468087,0.000521183,0.00115013
1.52439,0.643091,0.00437999,0.000976324,0.000885248
1.52486,0.642522,0.0041821,0.00105214,0.000676632
1.52532,0.646998,0.0047586,0.000721931,0.00167084
1.52579,0.645111,0.00417018,0.000824213,0.000506878
1.52625,0.648525,0.00472021,0.000754118,0.000976562
1.52672,0.650074,0.00536108,0.000845909,0.00112939
1.52718,0.651329,0.00393987,0.000418663,0.000324249
1.52765,0.651581,0.00465774,0.00069952,0.000400782
1.52812,0.654466,0.00463581,0.000376701,0.000630856
1.52858,0.654174,0.00469351,0.000973225,0.000748158
1.52905,0.656536,0.00389338,0.000940561,0.0010674
1.52952,0.65671,0.00443959,0.000635385,0.000973463
1.52999,0.65916,0.00451064,0.00039506,0.000712872
1.53046,0.658696,0.0057919,0.00111437,0.000540972
1.53092,0.66034,0.00482726,0.00053978,0.000219107
1.53139,0.660176,0.00535083,0.00100589,0.000348806
1.53186,0.660627,0.00423265,0.00109124,0.000653029
1.53233,0.66127,0.00503922,0.00104427,0.000789404
1.5328,0.662124,0.00444603,0.000335217,0.000690699
1.53327,0.661662,0.00456429,0.000408173,0.000824451
1.53374,0.661212,0.00446296,0.000431299,0.000689268
1.53421,0.662387,0.00396419,6.84E-05,0.00152755
1.53468,0.664002,0.00458431,0.000969887,0.000659943
1.53516,0.662869,0.00451422,0.000550508,0.00115728
1.53563,0.663196,0.00349784,0.000561953,0.000782728
1.5361,0.663473,0.00360036,0.000906944,0.000609875
1.53657,0.662071,0.0055213,0.00087738,0.000684977
1.53704,0.664152,0.00453281,0.000472307,0.00121713
1.53752,0.662293,0.00494599,0.000287533,0.00101018
1.53799,0.665236,0.00471902,0.00109124,0.000463486
1.53846,0.663218,0.00441575,0.00130796,0.000693798
1.53894,0.664709,0.00499535,0.000737429,0.000928879
1.53941,0.662601,0.00433588,0.000644207,0.000322103
1.53988,0.664241,0.00301433,0.000421762,0.00117397
1.54036,0.659961,0.0049243,0.000194311,0.000194311
1.54083,0.662957,0.00397563,0.00103974,0.00103974
1.54131,0.661672,0.00385451,0.00109339,0.00166011
1.54178,0.66331,0.00431991,0.000934362,0.00106907
1.54226,0.66131,0.0042088,0.000395298,0.000593185
1.54273,0.661498,0.00418711,0.000580788,0.000588656
1.54321,0.660754,0.00391245,0.00059247,0.000228882
1.54369,0.659998,0.00382709,0.000232458,0.000799894
1.54416,0.659612,0.00388598,0.000531197,0.00140858
1.54464,0.659845,0.00408673,0.000739813,0.00114894
1.54512,0.660015,0.00504112,0.000994682,0.00133681
1.5456,0.660578,0.00433993,0.000899315,0.000620604
1.54607,0.661141,0.0037806,0.00070262,0.000581026
1.54655,0.658705,0.00456381,0.000427008,0.000920534
1.54703,0.658752,0.00500703,0.000434399,0.000994205
1.54751,0.656535,0.00403333,0.00120735,0.000531435
1.54799,0.658034,0.00464153,0.000687361,0.000206947
1.54847,0.657428,0.00431562,0.000167847,0.00115919
1.54895,0.657008,0.00321698,0.000768423,0.000366688
1.54943,0.656349,0.00367331,0.000447989,0.000237465
1.54991,0.657128,0.00440335,0.000841141,0.00104356
1.55039,0.655658,0.00417113,0.000450611,0.000528336
1.55087,0.657192,0.00400996,0.000602722,-3.81E-06
1.55135,0.656051,0.00406337,0.000322342,0.00126624
1.55183,0.657045,0.00440526,0.000761032,0.00101733
1.55231,0.654895,0.00336313,0.000255823,0.000383854
1.5528,0.654122,0.00287867,0.000407457,0.000372648
1.55328,0.653088,0.00523233,0.00037837,0.00113177
1.55376,0.655158,0.00439477,0.000954151,0.000162125
1.55424,0.653964,0.00469923,0.000498295,0.000764608
1.55473,0.656162,0.00403261,0.000169992,0.000266552
1.55521,0.652986,0.00412202,0.000420094,0.000639677
1.55569,0.654979,0.00435948,0.000678062,0.00164914
1.55618,0.652521,0.004035,0.000726938,0.000961542
1.55666,0.653995,0.00448894,0.00065279,0.000794887
1.55715,0.652344,0.00432682,0.000737429,0.000699043
1.55763,0.653197,0.00298905,0.00109744,0.000460386
1.55812,0.653474,0.00385618,0.000287294,0.000440836
1.5586,0.651846,0.00501347,0.000195265,0.000333309
1.55909,0.65236,0.0047214,0.000390768,0.000988483
1.55958,0.652808,0.0039835,0.000524759,0.000815868
1.56006,0.651339,0.00287938,0.00074625,0.000558615
1.56055,0.651021,0.00352955,0.00126767,0.000889778
1.56104,0.651917,0.00407815,0.000439644,0.00056982
1.56152,0.651338,0.00406456,0.000813961,0.000244379
1.56201,0.65268,0.0043273,0.00162768,0.000148535
1.5625,0.651216,0.0027833,0.000540018,0.00100422
1.56299,0.652289,0.0041132,0.000530004,0.000987768
1.56348,0.650958,0.00370622,0.000737429,0.00144434
1.56397,0.652174,0.00400782,0.000487089,0.000460386
1.56446,0.649253,0.00351715,0.000257969,0.00125194
1.56495,0.652398,0.00413966,0.000486374,0.000486374
1.56544,0.650244,0.00314379,8.70E-05,0.000787973
1.56593,0.650546,0.0043962,0.000451326,0.000341177
1.56642,0.651236,0.00394821,0.000530243,0.000840664
1.56691,0.652129,0.00331831,0.000549078,0.000624657
1.5674,0.651466,0.00304365,0.000336409,0.000393152
1.56789,0.65094,0.00424314,0.000272274,0.000832081
1.56838,0.649953,0.00338244,0.000509739,0.000536203
1.56887,0.653294,0.00265813,0.00123143,0.000355005
1.56937,0.650419,0.00353861,0.000857115,0.000774145
1.56986,0.650334,0.00343251,0.000233889,0.000845194
1.57035,0.651418,0.00291252,0.000519514,0.000858545
1.57085,0.652031,0.00419354,0.000564814,0.000256062
1.57134,0.651395,0.0048306,0.000711441,0.000557184
1.57183,0.650977,0.00417352,0.00066185,0.000549078
1.57233,0.650831,0.00353908,0.000973463,0.000740528
1.57282,0.652082,0.00382185,0.000879765,0.000338316
1.57332,0.652054,0.00257635,0.000202894,0.000481129
1.57381,0.652349,0.00290799,0.000438929,0.000468731
1.57431,0.653093,0.00327206,0.000679254,0.000465393
1.5748,0.651675,0.00405169,0.000513554,0.000970841
1.5753,0.652991,0.00366354,0.00106812,0.000562191
1.5758,0.650378,0.00332546,0.00148702,0.000539303
1.57629,0.652087,0.00265312,0.000607729,0.000964403
1.57679,0.651235,0.00356245,0.00095129,0.001266
1.57729,0.654175,0.00269937,0.00237608,0.000901699
1.57778,0.650957,0.00332499,0.000377417,0.000601768
1.57828,0.653917,0.00374412,0.000833988,0.00145841
1.57878,0.65208,0.00306964,0.000197649,0.000507355
1.57928,0.653926,0.00411558,0.000843763,0.000985622
1.57978,0.652174,0.00387216,0.00144076,0.000750303
1.58028,0.6532,0.00420761,0.00112462,0.00150967
1.58078,0.652074,0.00382185,0.000824213,0.00107789
1.58128,0.654146,0.00310779,0.00172734,0.00109673
1.58178,0.651061,0.00280333,0.00124454,0.00119233
1.58228,0.655002,0.00397158,0.00102472,0.000473261
1.58278,0.653824,0.00330615,0.00241661,0.0012846
1.58328,0.654572,0.0037775,0.001647,0.000715256
1.58378,0.652932,0.00297093,0.00139904,0.00161099
1.58428,0.652387,0.00301266,0.00252819,0.00147963
1.58479,0.65296,0.00340342,0.00214267,0.000386715
1.58529,0.654298,0.00386715,0.00120497,0.000725269
1.58579,0.654469,0.00318718,0.00211406,0.000798702
1.58629,0.654778,0.00329256,0.00287652,0.000438452
1.5868,0.653569,0.00400758,0.00217748,0.000319481
1.5873,0.654048,0.00397229,0.0025661,0.000315666
1.58781,0.655875,0.00314856,0.00337744,0.00109243
1.58831,0.653297,0.00285459,0.00294256,0.000422955
1.58881,0.655629,0.00326014,0.00425625,-3.34E-05
1.58932,0.654949,0.00377369,0.00374866,0.000604391
1.58983,0.65543,0.00309229,0.00358129,0.00066781
1.59033,0.652786,0.00260282,0.00457764,0.00074482
1.59084,0.657821,0.00258422,0.00413179,0.000470877
1.59134,0.655336,0.0026226,0.00381374,0.00111556
1.59185,0.657937,0.00218391,0.00509071,0.000415802
1.59236,0.653978,0.00336909,0.00594616,0.000540733
1.59286,0.656076,0.00399137,0.00601721,0.000255585
1.59337,0.653894,0.00297069,0.00680208,0.000659227
1.59388,0.658053,0.00303459,0.00605631,0.000900984
1.59439,0.65567,0.00247598,0.00746965,0.000999689
1.5949,0.657959,0.00321102,0.00562954,0.000670672
1.59541,0.656581,0.00367403,0.0084157,0.000699759
1.59591,0.656242,0.00234175,0.00815058,0.000995636
1.59642,0.65669,0.00279403,0.00918412,0.00120616
1.59693,0.65869,0.0036366,0.00984931,0.000329495
1.59744,0.657588,0.00325203,0.00947166,0.00129175
1.59795,0.659839,0.00345421,0.010397,0.00144863
1.59847,0.659465,0.00361681,0.0117702,0.000385046
1.59898,0.659562,0.00253367,0.0122864,0.000781059
1.59949,0.659092,0.00289917,0.013834,0.000344276
1.6,0.658445,0.00392199,0.013056,0.000392199
1.60051,0.659434,0.00380206,0.013171,0.00115562
1.60102,0.659833,0.00298715,0.0142701,0.00063324
1.60154,0.660974,0.00278258,0.015265,0.000743866
1.60205,0.660573,0.00291681,0.0163481,0.000655174
1.60256,0.661434,0.00274634,0.015173,0.000403643
1.60308,0.660568,0.00323582,0.0158441,0.000292063
1.60359,0.661464,0.00287914,0.0162873,0.000881195
1.60411,0.660336,0.00289702,0.0176012,0.00188041
1.60462,0.662706,0.0033648,0.0167379,0.00140309
1.60514,0.661772,0.00288796,0.0176344,0.000440121
1.60565,0.663996,0.00275421,0.0179064,0.00130177
1.60617,0.660741,0.0033505,0.0175881,0.000321388
1.60668,0.666198,0.00327158,0.0187859,0.000726223
1.6072,0.661788,0.00305963,0.0181932,8.51E-05
1.60772,0.66674,0.00289035,0.0187981,0.000504494
1.60823,0.663587,0.00338674,0.0189836,0.000177622
1.60875,0.665651,0.00330091,0.0191088,0.000552654
1.60927,0.66435,0.00295329,0.0191443,0.0007267
1.60979,0.666482,0.00365806,0.0190964,0.000608444
1.61031,0.665558,0.00232625,0.0199535,0.000571251
1.61082,0.666728,0.00225353,0.0195401,0.00109553
1.61134,0.667397,0.00188112,0.0199146,0.000924587
1.61186,0.666367,0.00217724,0.0201325,0.00078702
1.61238,0.667128,0.00277162,0.0196564,0.00106215
1.6129,0.668804,0.00269103,0.0196767,0.00130892
1.61342,0.669158,0.00316167,0.0201063,0.000371695
1.61394,0.670678,0.0027802,0.0203378,0.000475645
1.61447,0.671129,0.00313139,0.0202994,0.000896692
1.61499,0.669371,0.00219822,0.0198505,0.000688076
1.61551,0.671219,0.00219178,0.0205212,0.00107908
1.61603,0.671028,0.00278211,0.0202882,0.000974178
1.61655,0.673509,0.00302434,0.0206108,0.000722647
1.61708,0.671863,0.00362945,0.0206056,0.000823259
1.6176,0.675244,0.00267744,0.0208976,0.000372887
1.61812,0.671489,0.00198698,0.0212071,0.000328064
1.61865,0.676534,0.00283408,0.0199864,0.000567436
1.61917,0.673703,0.00376177,0.0207703,0.000119448
1.6197,0.677055,0.00200701,0.0204916,0.000538349
1.62022,0.675446,0.00218773,0.0197659,0.00104237
1.62075,0.677197,0.0018189,0.0201078,0.000298739
1.62127,0.674175,0.00224114,0.0201759,0.000444651
1.6218,0.679731,0.00417686,0.0200956,0.000909328
1.62232,0.67578,0.0031023,0.0205765,0.0003438
1.62285,0.677983,0.00296927,0.0205758,0.000573158
1.62338,0.677446,0.00243998,0.0189428,0.000786304
1.6239,0.679128,0.00347733,0.0206666,0.000311136
1.62443,0.677819,0.00256896,0.0200314,0.00122809
1.62496,0.681779,0.00245094,0.0202353,0.00128961
1.62549,0.680406,0.00232005,0.0212932,0.000796318
1.62602,0.681534,0.00214076,0.0207689,0.000409126
1.62655,0.680565,0.00261378,0.020998,0.00105977
1.62707,0.682257,0.0028255,0.0202863,0.000542164
1.6276,0.683119,0.00276852,0.0211256,0.000402689
1.62813,0.68359,0.00217176,0.021049,0.000447989
1.62866,0.68288,0.00195003,0.0204885,0.00118494
1.6292,0.682565,0.00343251,0.020834,0.00109077
1.62973,0.68529,0.00255799,0.0202715,0.000369787
1.63026,0.682413,0.00222564,0.0199051,0.000365972
1.63079,0.685027,0.00212645,0.0202355,0.000950098
1.63132,0.682643,0.00209022,0.0200765,0.000733614
1.63185,0.685017,0.00306296,0.021193,0.000749588
1.63239,0.681429,0.0029428,0.0212748,0.00145531
1.63292,0.687418,0.00256991,0.0196829,0.00092268
1.63345,0.680461,0.00286722,0.0210009,0.000879288
1.63399,0.687081,0.00242257,0.0220337,0.000973702
1.63452,0.683271,0.00222397,0.0206184,0.00125694
1.63506,0.686922,0.00359583,0.0217035,0.000728607
1.63559,0.683302,0.00111484,0.0208993,0.000338793
1.63613,0.686352,0.00164676,0.0207977,0.000343561
1.63666,0.683232,0.00235868,0.0221908,0.0012238
1.6372,0.68706,0.00255227,0.0217001,0.000313044
1.63773,0.683185,0.00293088,0.021409,0.000301838
1.63827,0.686088,0.00219989,0.0206173,0.000310183
1.63881,0.683861,0.00183559,0.0208433,0.000784874
1.63934,0.685218,0.00123882,0.0212319,0.00143528
1.63988,0.684556,0.00273609,0.0209887,0.000775099
1.64042,0.685859,0.00171948,0.0219047,0.000492096
1.64096,0.683383,0.00152969,0.0215945,0.000442028
1.6415,0.683897,0.00172067,0.0217645,0.000785351
1.64204,0.685413,0.0023737,0.0213432,0.00151539
1.64258,0.684762,0.0023303,0.0211587,0.000910044
1.64312,0.684531,0.00145483,0.0213575,0.000730038
1.64366,0.683414,0.00178122,0.0210207,0.000529766
1.6442,0.68334,0.00215125,0.0218646,0.00101113
1.64474,0.682119,0.0020206,0.02174,0.000588179
1.64528,0.683922,0.0025332,0.0216553,0.000935554
1.64582,0.680396,0.00158143,0.0215232,0.000597954
1.64636,0.682781,0.00210977,0.0226693,0.000361919
1.6469,0.680804,0.00169301,0.0208342,0.00109005
1.64745,0.682167,0.00130487,0.0212603,0.000847578
1.64799,0.677639,0.00122547,0.0213504,0.00061655
1.64853,0.68197,0.00217724,0.0217097,0.000700235
1.64908,0.677605,0.00177383,0.0213754,0.000864267
1.64962,0.681307,0.00187397,0.0194697,0.000517607
1.65017,0.673954,0.00359154,0.0214343,0.000387907
1.65071,0.677084,0.00231862,0.0213149,0.000884771
1.65125,0.675313,0.00286031,0.0217142,0.00184321
1.6518,0.676084,0.00282216,0.0214639,0.00128674
1.65235,0.673538,0.00148726,0.0212951,0.00101352
1.65289,0.67529,0.00214362,0.0213988,0.00113082
1.65344,0.67251,0.00171351,0.0212543,0.000854254
1.65399,0.674347,0.00154996,0.0209284,0.000499249
1.65453,0.671741,0.00215888,0.0207524,0.000864983
1.65508,0.671679,0.00242615,0.0216022,0.000643969
1.65563,0.670649,0.00331235,0.0200872,0.00142026
1.65618,0.66999,0.00341201,0.0202157,0.000370264
1.65673,0.668842,0.00182533,0.019911,0.000259399
1.65728,0.667863,0.00211096,0.0211535,0.00115991
1.65782,0.667201,0.0022862,0.0210338,0.000680685
1.65837,0.666597,0.00182033,0.0206883,0.000136137
1.65893,0.667411,0.00191975,0.0205891,0.000751495
1.65948,0.664345,0.00192451,0.0211194,0.000756025
1.66003,0.664513,0.000479937,0.0214596,0.000939846
1.66058,0.661399,0.00192213,0.0208197,0.000766039
1.66113,0.664427,0.00194502,0.0219927,0.000623465
1.66168,0.65967,0.00177932,0.0220077,0.000561714
1.66223,0.663731,0.00165272,0.0229528,0.00111294
1.66279,0.65925,0.00258017,0.0215347,0.00103545
1.66334,0.662196,0.00229216,0.022573,0.000603676
1.66389,0.656515,0.00231457,0.0220833,0.00105905
1.66445,0.661386,0.00220704,0.0222552,0.00194192
1.665,0.656965,0.00258565,0.0235846,0.000453711
1.66556,0.65912,0.00194788,0.0228248,0.00136709
1.66611,0.65413,0.00241447,0.0227807,0.000705719
1.66667,0.656438,0.00189948,0.0236154,0.00155592
1.66722,0.652037,0.00328302,0.0230138,0.000926733
1.66778,0.655286,0.00239801,0.0225923,0.000715971
1.66834,0.652136,0.00165129,0.0231481,0.00133371
1.66889,0.654042,0.00166488,0.0237334,0.000182867
1.66945,0.6508,0.0016706,0.0237324,0.00102592
1.67001,0.651916,0.00140381,0.0244427,0.000695944
1.67056,0.649661,0.00237441,0.0241706,0.000805855
1.67112,0.649829,0.00247168,0.0236669,0.00153947
1.67168,0.648574,0.00233221,0.0235186,0.000574589
1.67224,0.647771,0.00174832,0.0232985,0.00083971
1.6728,0.649513,0.00206852,0.0232854,0.000685692
1.67336,0.646415,0.00209045,0.0232334,0.000197887
1.67392,0.647661,0.00158477,0.0237486,0.000760555
1.67448,0.645088,0.00189614,0.0243654,0.001261
1.67504,0.647133,0.00184417,0.0239594,0.000941515
1.6756,0.640778,0.00174165,0.0237029,0.000390768
1.67616,0.645688,0.00210524,0.0234211,0.000521183
1.67673,0.642691,0.00161624,0.023273,0.000336885
1.67729,0.64529,0.00203729,0.0244684,0.00037241
1.67785,0.640276,0.00143933,0.0249639,0.000355482
1.67842,0.64261,0.000883102,0.0247478,0.000852108
1.67898,0.639436,0.00172019,0.023376,0.000632525
1.67954,0.642475,0.00140095,0.0248876,0.00045824
1.68011,0.639853,0.00119782,0.024127,0.00147891
1.68067,0.642513,0.0027566,0.0251331,0.000191212
1.68124,0.636921,0.000781536,0.0247617,0.000542164
1.6818,0.641078,0.00155759,0.0225224,0.000663519
1.68237,0.6389,0.00116587,0.0240672,0.000729322
1.68294,0.640409,0.00203538,0.0235727,0.000337124
1.6835,0.638076,0.00190878,0.0241225,0.000575066
1.68407,0.640477,0.00120354,0.023906,0.000581503
1.68464,0.638264,0.00129628,0.0240223,0.00108075
1.6852,0.638833,0.00212908,0.0241015,0.00142121
1.68577,0.638413,0.00131822,0.0239565,0.00082922
1.68634,0.637021,0.000857592,0.023545,0.000524521
1.68691,0.638293,0.00155878,0.0234816,0.00110197
1.68748,0.638145,0.000473261,0.0238569,0.000581741
1.68805,0.638124,0.000855923,0.0246425,0.00210238
1.68862,0.637218,0.00109649,0.0257311,0.00144029
1.68919,0.638567,0.00133491,0.0249345,0.000482559
1.68976,0.636189,0.00109196,0.0243285,0.000393152
1.69033,0.639106,0.00166297,0.0244224,0.000734329
1.6909,0.635614,0.00183272,0.0258827,0.000857115
1.69147,0.639087,0.00181985,0.0253098,0.00080204
1.69205,0.635217,0.00117159,0.0248969,0.000948906
1.69262,0.639288,0.00142169,0.0252304,0.000902414
1.69319,0.635015,0.00151062,0.0260031,0.000343561
1.69377,0.6398,0.0018971,0.0258269,0.00147009
1.69434,0.635427,0.00215936,0.0255783,0.000865459
1.69492,0.640455,0.000890255,0.0244427,0.00146937
1.69549,0.634634,0.0013051,0.0245171,0.000825882
1.69607,0.63959,0.00160241,0.0251243,0.00100732
1.69664,0.63592,0.00134587,0.0241771,0.00144529
1.69722,0.640778,0.00131297,0.0258057,0.00173426
1.69779,0.636874,0.000741482,0.0246704,0.000285864
1.69837,0.640696,0.000993729,0.0231712,0.000720978
1.69895,0.635888,0.00129723,0.0242598,0.000424385
1.69952,0.64055,0.000792026,0.0232568,0.000516892
1.7001,0.637728,0.00104809,0.0252228,0.00118637
1.70068,0.638394,0.000609875,0.0251026,0.00156879
1.70126,0.638413,0.00163889,0.0240796,0.00159597
1.70184,0.638964,0.0013721,0.0235639,0.000723839
1.70242,0.638748,0.000897884,0.0241175,0.000672579
1.703,0.638881,0.0011425,0.0238874,0.000573635
1.70358,0.64028,0.00187373,0.0239572,0.000599623
1.70416,0.636604,0.00172949,0.024714,0.00113916
1.70474,0.638996,0.000783205,0.0238345,0.000701189
1.70532,0.639395,0.00121951,0.0241444,0.000365257
1.7059,0.641867,0.00132108,0.0235438,0.0017097
1.70648,0.638562,0.00011754,0.0227215,0.000622511
1.70707,0.641848,0.00232243,0.0222847,0.00110483
1.70765,0.636303,0.00183463,0.0236204,0.00165033
1.70823,0.64136,0.00127006,0.0234885,0.000971317
1.70882,0.639624,0.0016737,0.0233719,0.000631094
1.7094,0.642162,0.00169134,0.0246291,0.000624657
1.70999,0.636188,0.00224233,0.0248628,0.000393867
1.71057,0.64345,0.00129294,0.0242765,0.00101495
1.71116,0.639341,0.000900269,0.0244508,0.00167275
1.71174,0.642954,0.000789881,0.0249205,0.00053668
1.71233,0.636606,0.00201678,0.0252156,0.00127077
1.71292,0.643538,0.00183511,0.0259371,0.000621796
1.7135,0.638351,0.000948667,0.0260942,0.00101066
1.71409,0.642318,0.00185704,0.0246432,0.00124311
1.71468,0.637433,0.00131941,0.026238,0.000446558
1.71527,0.642815,0.000403404,0.0275142,0.0015533
1.71585,0.63914,0.00155664,0.0272131,0.000181198
1.71644,0.640737,0.00201583,0.0272872,0.00027585
1.71703,0.639573,0.00119376,0.0276997,0.00088644
1.71762,0.638269,0.00117207,0.0280829,0.00151873
1.71821,0.640081,0.00165629,0.028121,0.000656605
1.7188,0.640826,0.00101805,0.02864,0.000879765
1.71939,0.639892,0.00119591,0.027518,0.0013032
1.71999,0.637416,0.000854254,0.0284724,0.000503779
1.72058,0.639567,0.000645161,0.0287418,0.000778437
1.72117,0.636601,0.000737667,0.0296273,0.00115466
1.72176,0.638688,0.00121617,0.0305193,0.00193024
1.72236,0.632366,0.000903368,0.0301108,0.000796556
1.72295,0.638773,0.000807047,0.0298219,0.00117111
1.72354,0.631498,0.00141215,0.0313368,0.00156665
1.72414,0.638174,0.00177407,0.0302031,0.00124645
1.72473,0.629489,0.00121641,0.0313091,0.0010972
1.72533,0.634958,0.000143051,0.0310755,0.000941753
1.72592,0.627107,0.00106525,0.031368,0.00108314
1.72652,0.63484,0.00194597,0.0311699,0.000654221
1.72712,0.626287,0.00129628,0.0310037,0.00115704
1.72771,0.631549,0.00160694,0.030823,0.000916243
1.72831,0.625105,0.00198865,0.0305479,0.00109339
1.72891,0.629259,0.000360012,0.0335965,0.00103045
1.72951,0.620666,0.00110745,0.032984,0.000861168
1.7301,0.625892,0.000803471,0.031074,0.00156903
1.7307,0.619323,0.00117254,0.0331516,0.00192332
1.7313,0.621405,0.00126743,0.0334074,0.0008111
1.7319,0.615729,0.00135565,0.0328507,0.00156212
1.7325,0.615165,0.00189185,0.0319445,0.00100589
1.7331,0.612012,0.00141811,0.0321474,0.000951528
1.7337,0.610251,0.000997066,0.0337343,0.00154734
1.7343,0.608989,0.00115204,0.0337124,0.00165796
1.73491,0.603387,0.00124192,0.0328543,0.00134707
1.73551,0.602618,0.000731945,0.0332084,0.00103807
1.73611,0.599712,0.00164604,0.0343924,0.00107121
1.73671,0.595316,0.0027585,0.0338838,0.00127006
1.73732,0.588862,0.00128984,0.0340433,0.000799179
1.73792,0.590255,0.00244069,0.0354822,0.00277424
1.73853,0.580088,0.00101948,0.0333419,0.001513
1.73913,0.581399,0.000895262,0.0350604,0.00153923
1.73974,0.572529,0.00125694,0.0339944,0.0019896
1.74034,0.574626,0.000600338,0.0345056,0.000837565
1.74095,0.5615,0.00119758,0.0344636,0.000229835
1.74155,0.563922,0.00161481,0.0342369,0.00112057
1.74216,0.550958,0.000970364,0.0335798,0.000994444
1.74277,0.551455,0.000813723,0.0345488,0.00149131
1.74338,0.536415,0.000472546,0.0344768,0.000670195
1.74398,0.537975,0.000925541,0.0346072,0.000665188
1.74459,0.521953,0.000849009,0.0348489,0.00143218
1.7452,0.521264,0.00148273,0.0349979,0.00106978
1.74581,0.507948,0.00139999,0.0352852,0.000475884
1.74642,0.506307,0.000795364,0.0348923,0.0018549
1.74703,0.493081,0.00143147,0.0335691,0.00106096
1.74764,0.487051,0.00171518,0.0340145,0.000171661
1.74825,0.474884,0.000464439,0.0345602,0.000745058
1.74886,0.467452,0.000646353,0.033143,0.000761032
1.74948,0.457025,0.000860214,0.0360558,0.000929356
1.75009,0.449037,0.00179386,0.0348461,0.00135326
1.7507,0.436311,0.00170135,0.034204,0.000484705
1.75131,0.425601,0.00181556,0.0348992,0.00162339
1.75193,0.416131,0.00240636,0.034415,0.00157642
1.75254,0.403344,0.00156856,0.0357492,0.00168347
1.75316,0.3948,0.000887632,0.0361874,0.00205994
1.75377,0.381938,0.000316143,0.0377362,0.00231337
1.75439,0.370883,0.000915766,0.0376663,0.000824213
1.755,0.356728,0.00121331,0.0393672,0.000325441
1.75562,0.349418,0.000983,0.0401254,0.00208116
1.75623,0.334511,0.000955582,0.0392079,0.00150204
1.75685,0.326313,0.000850677,0.0400608,0.00111294
1.75747,0.309755,0.000764847,0.0390782,0.00149918
1.75809,0.303548,0.00156808,0.0387514,0.00126553
1.75871,0.28666,0.000562429,0.0406365,0.000291109
1.75932,0.283247,0.00199461,0.0400965,0.00180149
1.75994,0.264346,0.00173235,0.0403199,1.36E-05
1.76056,0.258376,0.00299215,0.0424159,0.00142455
1.76118,0.244475,0.00173211,0.0402753,0.0021627
1.7618,0.238267,0.00139761,0.0410671,0.00178099
1.76243,0.223784,0.00115252,0.0409558,0.00243926
1.76305,0.217261,0.00158119,0.0430925,0.00132179
1.76367,0.205337,0.00231242,0.0423002,0.00140548
1.76429,0.198133,0.000323772,0.0423155,0.00109792
1.76491,0.186812,0.00129962,0.0424097,0.00139785
1.76554,0.178472,0.00134063,0.0415506,0.00107932
1.76616,0.170352,0.000960112,0.04301,0.00162148
1.76678,0.162448,0.00108457,0.0438921,0.00168753
1.76741,0.154182,0.00069499,0.0440493,0.00242543
1.76803,0.147209,0.000911951,0.0441143,0.00138903
1.76866,0.138899,0.0021286,0.0430827,2.88E-05
1.76929,0.132503,0.00256634,0.0433331,0.00112367
1.76991,0.127471,0.00280237,0.0431573,0.00131559
1.77054,0.117899,0.000930071,0.0448675,0.0016067
1.77117,0.112156,0.00251698,0.0448196,0.00107074
1.77179,0.107375,0.0012455,0.0439074,0.00200129
1.77242,0.101859,0.000309229,0.044472,0.00148606
1.77305,0.0954073,0.00205946,0.0449061,0.000825405
1.77368,0.0911337,0.00133634,0.0448034,0.000379801
1.77431,0.0847336,0.00137758,0.0443389,0.000911951
1.77494,0.0815563,0.00153375,0.0469367,0.00181031
1.77557,0.0761783,0.000626802,0.0432241,0.00189662
1.7762,0.0734005,0.000941753,0.0464799,0.00180435
1.77683,0.0692722,0.000751018,0.0454099,0.00085783
1.77746,0.0655292,0.00118327,0.0481067,0.00160742
1.77809,0.0617664,0.000430822,0.0485182,0.00189424
1.77873,0.0583639,0.00122929,0.045743,0.00103259
1.77936,0.054618,0.00146484,0.0478759,0.00131082
1.77999,0.0512647,0.00134969,0.0468321,0.000720739
1.78063,0.0482179,0.000551224,0.0469141,0.00228643
1.78126,0.0485727,0.000370264,0.0496986,0.00138617
1.7819,0.0434725,0.000910759,0.0473833,0.000301361
1.78253,0.0421792,0.00156832,0.0480895,0.000886202
1.78317,0.0407019,0.0027566,0.0491011,0.00164437
1.7838,0.0369197,0.00224209,0.0472381,0.00298142
1.78444,0.0362709,0.00129414,0.0487559,0.00156808
1.78508,0.0345057,0.00136638,0.0473068,0.000675201
1.78571,0.0325117,0.00229931,0.0469487,0.00174689
1.78635,0.0299063,0.00222564,0.0497811,0.00220704
1.78699,0.0280549,0.00179005,0.0491312,0.00132346
1.78763,0.0272585,0.00252891,0.0485845,0.000998735
1.78827,0.0252707,0.00113559,0.0500422,0.00166273
1.78891,0.0250372,0.000516653,0.0491669,0.00067544
1.78955,0.0251708,0.000504017,0.0482776,0.00120878
1.79019,0.0212165,0.000990391,0.0474398,0.000917196
1.79083,0.0216591,0.00258827,0.0491433,0.00168729
1.79147,0.0201995,0.000633478,0.0496533,0.00151825
1.79211,0.0182383,0.00114036,0.0508201,0.00146103
1.79276,0.0182086,0.00277519,0.050457,0.00217223
1.7934,0.0165424,0.00124955,0.0487952,0.000609636
1.79404,0.0146854,0.000913382,0.0496166,0.00139141
1.79469,0.0166667,0.00202942,0.052166,0.00197721
1.79533,0.0143589,0.00135016,0.0507836,0.00173783
1.79598,0.0144917,0.00243878,0.0509169,0.00117183
1.79662,0.0140544,0.00126767,0.0487122,0.0029037
1.79727,0.0121816,0.00196314,0.0502498,0.00216222
1.79791,0.012491,0.00086093,0.0506554,0.00141907
1.79856,0.0118527,0.000863075,0.0499694,0.000197649
1.79921,0.00920932,0.00118875,0.0491927,0.000911236
1.79986,0.00964987,0.00104284,0.0509074,0.00241542
1.8005,0.0105767,0.000990152,0.050329,0.00208902
1.80115,0.0094631,0.00107384,0.0521977,0.00125003
1.8018,0.00823115,0.00262451,0.0512726,0.00244546
1.80245,0.00892481,0.00151253,0.0513761,0.00200772
1.8031,0.00856685,0.00119042,0.0521336,0.000699282
1.80375,0.00706121,0.00354409,0.0523515,0.00291419
1.8044,0.0077581,0.00159979,0.0510926,0.00141692
1.80505,0.00689612,0.00247216,0.0531766,0.00133324
1.80571,0.00817791,0.00154591,0.0542364,0.00321317
1.80636,0.0073646,0.000464439,0.0528727,0.000818253
1.80701,0.00567893,0.00162983,0.053329,0.0012989
1.80766,0.00669373,0.000879288,0.0523543,0.00191712
1.80832,0.00588302,0.00126004,0.0510495,0.00224924
1.80897,0.00625053,0.00125957,0.0543647,0.00123262
1.80963,0.00558992,0.0020473,0.0533323,0.00206447
1.81028,0.0037837,0.000920773,0.0539913,0.0013144
1.81094,0.00577025,0.00202036,0.0551379,0.00116396
1.81159,0.00405203,0.00232291,0.0538506,0.000955343
1.81225,0.0045462,0.00175643,0.0525467,0.00115418
1.81291,0.00512113,0.00159311,0.0542729,0.00216031
1.81357,0.00537063,0.000617981,0.0552535,0.00223208
1.81422,0.00336631,0.0012989,0.0539799,0.00136113
1.81488,0.00329126,0.00064683,0.0520523,0.00174689
1.81554,0.00363487,0.00151944,0.054708,0.00180674
1.8162,0.0034307,0.00228167,0.0559888,0.00156212
1.81686,0.00365741,0.00145292,0.0533419,0.00091362
1.81752,0.00443478,0.00195479,0.0530074,0.00119281
1.81818,0.0038621,0.00112987,0.0529876,0.00201607
1.81884,0.00283018,0.00220537,0.0548737,0.00103736
1.81951,0.00298482,0.000916481,0.0537245,0.0018847
1.82017,0.00211947,0.00208139,0.055732,0.00189018
1.82083,0.00288902,0.00290656,0.0541492,0.0020225
1.82149,0.00280512,0.00225568,0.0555403,0.00183511
1.82216,0.000872433,0.00100231,0.0542278,0.00292397
1.82282,0.00255403,0.000588656,0.0529239,0.00187206
1.82349,0.00330369,0.0010283,0.0539076,0.000283957
1.82415,0.00343635,0.00177503,0.0554779,0.00114608
1.82482,0.00178037,0.00144601,0.0544743,0.00143004
1.82548,0.00231007,0.00240564,0.0579112,0.00213742
1.82615,0.00152085,0.000582695,0.0591371,0.00066328
1.82682,0.00256761,0.000584841,0.0558291,8.70E-05
1.82749,0.00270324,0.00107264,0.0550449,0.00103879
1.82815,0.00117159,0.00271511,0.0533445,0.00121975
1.82882,0.00163731,0.0014391,0.0538423,0.00344109
1.82949,0.0014278,0.00252962,0.0548008,0.00182676
1.83016,0.00252548,0.000664473,0.0575314,0.000555515
1.83083,0.00216724,0.00070262,0.0583198,0.000263214
1.8315,0.00282406,0.00144386,0.0570908,0.000732899
1.83217,0.00138849,0.00204062,0.0559521,0.00163245
1.83284,0.00191308,0.00136566,0.0561471,0.000725031
1.83352,0.0012949,0.000698566,0.0526145,0.000797749
1.83419,0.00272353,0.00119758,0.0522394,0.00174952
1.83486,0.0021322,0.000622511,0.0537255,0.00201654
1.83554,0.00114987,0.000501871,0.0538995,0.00145435
1.83621,0.00142918,0.00102854,0.0567775,0.00212216
1.83688,0.0025078,0.00149632,0.0555039,0.00191236
1.83756,0.00149377,0.000828743,0.0568838,0.00152826
1.83824,0.00124157,0.000965595,0.054847,0.00189614
1.83891,0.000877037,0.00196028,0.054163,0.00199699
1.83959,0.000866774,0.00241208,0.0541804,0.000850916
1.84026,0.000628496,0.00176334,0.0532298,0.0021677
1.84094,0.00122686,0.00121236,0.0549464,0.00252509
1.84162,0.00168317,0.00067997,0.0562115,0.00128746
1.8423,0.000857504,0.00197268,0.0543766,0.000525236
1.84298,0.00010974,0.00187326,0.0505004,0.00133824
1.84366,0.000833455,0.00210929,0.0540829,0.00167441
1.84434,0.00105386,0.00146246,0.0488226,0.000668764
1.84502,0.000162296,0.000212908,0.0509102,4.70E-05
1.8457,0.00198569,0.00123215,0.04919,0.00179195
1.84638,0.00125703,0.00134015,0.053334,0.000828028
1.84706,0.000231022,0.0024941,0.0577469,0.000895739
1.84775,0.00198329,0.00247717,0.0576854,0.00178099
1.84843,0.000633959,0.00330901,0.0564127,0.00134826
1.84911,0.000839076,0.00167131,0.0513289,0.00106478
1.8498,0.000317645,0.000267744,0.0498498,0.00107884
1.85048,0.000816698,0.00176787,0.0510957,0.000410795
1.85117,0.00135115,0.00181389,0.0502355,0.00182605
1.85185,0.00115506,0.0013535,0.047982,2.24E-05
1.85254,0.00159212,0.00341249,0.0494444,0.000564814
1.85322,0.000670113,0.00253105,0.052711,0.0018158
1.85391,0.00180658,0.00208998,0.0522027,0.00251269
1.8546,0.00166964,0.00284171,0.0465841,0.00109315
1.85529,0.000868371,0.00271654,0.0458708,0.00115442
1.85598,0.000852602,0.00122452,0.0464544,0.00203753
1.85667,0.000799842,0.000157833,0.0486174,0.00104976
1.85736,0.00064766,0.00152183,0.0483634,0.00185871
1.85805,0.000824922,0.00246739,0.0468304,0.00172567
1.85874,0.00130315,0.00106406,0.0476077,0.000344753
1.85943,0.00117422,0.000979185,0.0507128,0.000876427
1.86012,0.000721705,0.00132108,0.0506728,0.00204539
1.86081,0.000862971,0.00291157,0.0487893,0.0022583
1.8615,0.000624361,0.002599,0.0454123,0.00196266
1.8622,0.00221012,0.00107551,0.0455754,0.000700474
1.86289,0.00155803,0.00173521,0.043185,0.000225306
1.86359,0.000782379,0.00231409,0.0460026,0.00195384
1.86428,0.00102354,0.00195694,0.0439403,0.00218034
1.86498,0.000398853,0.00203753,0.0474727,0.00134277
1.86567,0.000129503,0.00286794,0.0448158,0.00116491
1.86637,0.00116937,0.00142288,0.0438404,0.00154519
1.86706,0.000748628,0.00188375,0.0450623,0.00157666
1.86776,0.000860552,0.00263763,0.0500801,0.000893831
1.86846,0.0025358,0.00106931,0.0463331,0.000514031
1.86916,0.00145597,0.00196695,0.0462975,0.00135875
1.86986,0.00128422,0.00163293,0.0461361,0.00170851
1.87056,0.00173474,0.00285554,0.0477512,0.00138569
1.87126,0.000592043,0.00228095,0.0492904,0.00152397
1.87196,0.000506455,0.0034945,0.0443778,0.00170374
1.87266,0.000184325,0.00253129,0.0454073,0.00253916
1.87336,0.00117695,0.0027833,0.0467393,0.00221062
1.87406,0.00159538,0.00332618,0.0434103,0.00278378
1.87477,0.000580114,0.00299263,0.0435984,0.00210977
1.87547,0.000622182,0.00317025,0.0436649,0.00224805
1.87617,0.000661443,0.00265241,0.0413787,0.0021925
1.87688,0.00084552,0.0012238,0.0431364,0.00230479
1.87758,0.00104701,0.00428724,0.0417674,0.00234914
1.87829,0.000717077,0.00248027,0.0395441,0.00172567
1.87899,0.000581281,0.00188994,0.0380924,0.000873804
1.8797,0.000900346,0.00435996,0.0370455,0.00111556
1.88041,0.000803107,0.00420523,0.0376701,0.000224113
1.88111,0.00104272,0.0037055,0.037324,0.00216794
1.88182,0.00146312,0.00335813,0.0383849,0.000405788
1.88253,0.000573033,0.00410795,0.036372,0.000784159
1.88324,0.000698091,0.00432682,0.03582,0.000859499
1.88395,0.000875745,0.00336289,0.0358472,0.000344038
1.88466,0.00123244,0.000869751,0.0354223,0.00122738
1.88537,0.000769942,0.00392747,0.0355804,0.00156522
1.88608,0.000920743,0.00305104,0.0348163,0.00173998
1.88679,0.00125649,0.00441504,0.0343077,0.000450134
1.8875,0.000855873,0.00343728,0.0300534,0.000449181
1.88822,0.000838999,0.00286484,0.0308118,0.000770092
1.88893,0.000953033,0.00329232,0.0314601,0.000999928
1.88964,0.000805426,0.00367951,0.0311558,0.000233173
1.89036,0.000535572,0.00371647,0.0292947,0.000499249
1.89107,0.000974662,0.00317574,0.0284536,0.00200009
1.89179,0.000514544,0.0045507,0.0276675,0.00167203
1.89251,0.000208603,0.00381875,0.0263627,0.000994921
1.89322,0.000590256,0.00330305,0.026633,0.000957966
1.89394,0.000678651,0.0036788,0.0255773,0.00138164
1.89466,0.00110046,0.00546551,0.0243218,0.00109768
1.89538,0.00143647,0.00443912,0.0241637,0.000736475
1.89609,0.00069226,0.00404882,0.0216603,0.000610828
1.89681,0.000630452,0.00509047,0.0201464,8.61E-05
1.89753,0.000390973,0.00560331,0.0221181,0.00147581
1.89825,0.000276224,0.00639343,0.0191667,0.00166297
1.89897,0.000983592,0.00426912,0.0202386,0.000914097
1.8997,0.000742773,0.00501537,0.0197187,0.00149989
1.90042,0.000798924,0.00396514,0.0190694,0.00153899
1.90114,0.000807828,0.0049398,0.0174854,0.00089097
1.90186,0.00104388,0.00558996,0.0168481,0.000844955
1.90259,0.00046381,0.0036521,0.0173967,0.000554323
1.90331,0.00124033,0.00522232,0.0154922,0.00145197
1.90404,0.000242015,0.00518393,0.0126662,0.00125742
1.90476,0.000359164,0.00514579,0.01335,0.000697136
1.90549,0.000660689,0.00557804,0.0124421,0.00180125
1.90621,0.000825456,0.00487542,0.0117495,0.00137782
1.90694,0.000424244,0.00577402,0.0110698,0.000468969
1.90767,0.000556392,0.00532246,0.0114374,0.00163961
1.9084,0.000429404,0.00600052,0.00795841,0.000394583
1.90913,0.000996565,0.00628996,0.0100105,0.000398636
1.90985,0.000517124,0.00645876,0.00843597,0.00109673
1.91058,0.000494679,0.00664449,0.00801349,0.00121713
1.91131,0.000459079,0.00741291,0.00725412,0.000996113
1.91205,0.000343472,0.00644612,0.00636077,0.00146961
1.91278,0.00099564,0.00626063,0.00665999,0.00134063
1.91351,0.000975491,0.00689959,0.0063324,0.000100851
1.91424,0.000686517,0.00796747,0.00615621,0.00120378
1.91498,0.000883294,0.00824714,0.0056963,0.00118518
1.91571,0.000524759,0.00721598,0.00446463,0.000430107
1.91644,0.000457549,0.00747776,0.00416994,0.000306368
1.91718,0.000537628,0.0070157,0.00373054,0.000825405
1.91791,0.00032741,0.00785303,0.00390339,0.00130844
1.91865,0.000696344,0.00806785,0.00451732,0.000552416
1.91939,0.000654528,0.0081296,0.00447679,0.000870705
1.92012,0.000429114,0.00785518,0.00382185,0.000457048
1.92086,0.000577445,0.00807643,0.00351882,0.000744343
1.9216,0.000159282,0.00863123,0.00321174,0.0005126
1.92234,0.000859347,0.00878811,0.00202394,0.00128555
1.92308,0.000383923,0.00926948,0.00171733,0.000530958
1.92382,0.000472438,0.00944805,0.00295973,0.00167608
1.92456,0.00051243,0.00938439,0.00210857,0.00086832
1.9253,0.000458607,0.0100675,0.0020752,0.000832558
1.92604,0.000304927,0.0112138,0.00185204,0.000305176
1.92678,0.000249982,0.0109434,0.0019803,0.00069356
1.92753,0.000771523,0.0112419,0.00224853,0.000221014
1.92827,0.00103901,0.0118396,0.00277519,0.000703335
1.92901,0.000571198,0.0107224,0.0019536,0.000711203
1.92976,0.000576584,0.0114412,0.00203466,0.000424862
1.9305,0.00159145,0.0114872,0.0019834,0.000431538
1.93125,0.000943295,0.0128954,0.00127554,0.00149274
1.93199,0.000211202,0.0128038,0.000658512,0.00121713
1.93274,0.000543659,0.0126944,0.00150561,0.000429392
1.93349,0.000675183,0.0126154,0.000982761,0.000606298
1.93424,0.000605082,0.0134316,0.000893831,0.000846624
1.93498,0.000751369,0.0135398,0.00138211,0.000687122
1.93573,0.000452901,0.0130799,0.00128984,0.000894785
1.93648,0.000759462,0.0139711,0.000726461,0.000536203
1.93723,0.000620069,0.0149972,0.000533104,0.0002532
1.93798,0.00031976,0.0161445,0.00140309,0.000549793
1.93874,0.000703365,0.0167415,0.00135803,0.000905275
1.93949,0.000685438,0.015753,0.00132894,0.000961781
1.94024,0.000258099,0.0174475,0.000876427,0.000716209
1.94099,0.000149127,0.018059,0.000418186,0.00105476
1.94175,0.000761173,0.0182538,0.0012908,0.00125432
1.9425,0.000326064,0.0187411,0.00122404,0.000485182
1.94326,0.000156197,0.0193882,0.000969648,0.000364065
1.94401,0.000207575,0.0198972,0.000883818,0.000786781
1.94477,0.000579353,0.0204503,0.00140405,0.000977993
1.94553,0.000950501,0.0204422,0.000658512,0.000169754
1.94628,0.000513448,0.0223129,0.00102305,0.000800848
1.94704,0.000130109,0.0217176,0.000405312,0.00126815
1.9478,0.000479698,0.0228705,0.000289679,0.00107527
1.94856,0.000313719,0.023658,0.000985384,0.000511646
1.94932,0.000300198,0.0248308,0.000924587,0.000907421
1.95008,0.000530778,0.0258458,0.000411749,0.000830412
1.95084,0.000444738,0.0263977,0.000818729,0.000903368
1.9516,0.000337096,0.0270457,0.000638485,0.000584602
1.95236,0.000329241,0.0274429,0.000944853,0.000174046
1.95312,0.000269085,0.0293069,0.000745058,0.000123501
1.95389,0.000230891,0.0306637,0.000547648,0.000375032
1.95465,0.000531215,0.0304971,0.000820398,0.000583172
1.95542,0.000632611,0.0314252,0.000654697,0.000350237
1.95618,0.000462513,0.0329731,0.000172377,0.000894546
1.95695,0.000444218,0.0341795,0.000522852,0.000638962
1.95771,0.000371684,0.0347674,0.000250339,0.000686646
1.95848,0.000505924,0.0361283,0.000723124,0.000337601
1.95925,0.000961077,0.0371845,0.000383854,0.000631332
1.96002,0.000349409,0.0381417,0.000654697,0.000613689
1.96078,0.000156231,0.0402005,0.000614405,0.000504732
1.96155,0.000714772,0.0408726,0.000273943,0.000202417
1.96232,0.000457124,0.0430345,0.000543356,0.000279427
1.96309,0.000691868,0.0442972,0.000119924,0.000720263
1.96386,0.000348337,0.0451651,0.000463009,0.00064373
1.96464,0.000491325,0.0478132,0.000625134,6.68E-05
1.96541,0.000221418,0.049453,0.00047183,0.000650406
1.96618,0.000473687,0.0509944,0.000521183,0.000113726
1.96696,0.000172295,0.0520775,0.000496149,0.000567913
1.96773,0.000216047,0.0543954,0.00052166,0.00034976
1.9685,0.00030891,0.0563476,0.000295162,0.00118399
1.96928,4.68E-05,0.0587692,0.000855684,0.000436544
1.97006,0.000243019,0.0601344,0.000540256,0.000654221
1.97083,0.000583134,0.0634399,0.000892639,0.000967979
1.97161,0.000109499,0.0653665,0.000190496,0.000603676
1.97239,0.000471943,0.0679245,0.000760078,0.000708342
1.97316,0.000272806,0.0701544,0.000413895,0.00037384
1.97394,0.000301199,0.0731964,0.000150204,0.00023222
1.97472,0.000439833,0.076278,0.000405788,0.0005579
1.9755,0.000101957,0.0790112,0.000799179,0.000513077
1.97628,0.000372965,0.0821059,0.000565529,0.000504255
1.97707,0.000434065,0.085731,0.000202179,0.000595808
1.97785,0.000216357,0.0891073,0.000658274,9.35E-05
1.97863,0.000478963,0.092459,0.000482559,0.00031805
1.97941,0.000221748,0.0960858,0.000174284,0.000882864
1.9802,3.81E-06,0.0996191,0.000523806,0.000483275
1.98098,0.000326353,0.102852,0.00051713,0.000161648
1.98177,0.000341788,0.108018,0.000228167,0.000332832
1.98255,0.000351613,0.112283,0.000521898,0.000255585
1.98334,0.00040436,0.117091,0.000536919,0.000212669
1.98413,0.000587512,0.121279,0.000363112,0.00109768
1.98491,0.000200556,0.126131,0.000383616,0.000664711
1.9857,0.000249276,0.130498,0.000846863,0.000450849
1.98649,0.000242246,0.136249,0.000843525,0.000346184
1.98728,0.000205494,0.142118,0.000229359,0.000288725
1.98807,0.000117502,0.146971,0.000962257,0.000118256
1.98886,0.000653522,0.152824,0.00042367,0.000400543
1.98965,0.000399282,0.159701,0.00078702,0.000697851
1.99045,0.000286775,0.165233,0.000500202,0.000611544
1.99124,0.000232034,0.172012,0.000412941,0.000201464
1.99203,0.000423894,0.178288,0.000705004,0.000542402
1.99283,0.000519878,0.185685,0.000301123,0.000786781
1.99362,0.000676626,0.192866,0.000559568,0.000765085
1.99442,0.000530566,0.200701,0.000320435,0.000460863
1.99521,0.000150496,0.207638,0.000316143,0.000686169
1.99601,0.000326558,0.215829,0.000692844,0.000858545
1.99681,0.0003457,0.223981,0.000376225,0.000832796
1.9976,0.000429449,0.232256,0.000598908,0.000154495
1.9984,0.000475836,0.241628,0.000670195,0.000552416
1.9992,0.00032269,0.2504,0.000667095,0.000470877
2,0.0001928,0.259418,0.000524283,0.000457525
2.0008,0.000293482,0.267871,0.0007267,0.000636816
2.0016,0.000442612,0.278312,0.000446081,0.00075078
2.0024,0.00020606,0.288158,0.000431538,0.000445604
2.00321,0.00043077,0.298334,0.000507355,0.00031805
2.00401,0.000157088,0.308133,0.000310898,6.25E-05
2.00481,0.00054023,0.318987,0.000393629,0.000263929
2.00562,0.000352565,0.328861,0.000402451,0.000197649
2.00642,0.000262799,0.340496,0.000497103,0.000435352
2.00723,0.000151941,0.350102,0.000434637,0.000482321
2.00803,0.000201269,0.362495,0.000472546,0.000706434
2.00884,0.000276949,0.373343,0.000901699,0.000617743
2.00965,0.000338757,0.385527,0.000550747,0.000490189
2.01045,0.00026172,0.396301,0.000448704,0.000214338
2.01126,0.000402709,0.407988,0.000403166,0.000291824
2.01207,0.000171466,0.418174,0.000561476,0.000470877
2.01288,0.00019514,0.431001,0.000123501,0.000403643
2.01369,0.000530732,0.441754,0.000291824,0.000873327
2.0145,0.000287716,0.454213,0.000590324,0.000295162
2.01532,0.000406804,0.465003,0.000445604,3.24E-05
2.01613,0.000296674,0.477037,0.000613213,0.000227451
2.01694,0.000286106,0.487602,0.000370741,0.000262976
2.01776,0.000457782,0.498833,0.000458956,6.20E-05
2.01857,0.000358632,0.510457,0.000446081,9.18E-05
2.01939,0.000254422,0.520575,0.000486851,0.000459194
2.0202,0.000166774,0.531394,0.000630617,0.000560761
2.02102,0.000188322,0.542889,0.000241995,0.000614882
2.02184,0.000207209,0.553306,0.000488997,0.000302076
2.02265,0.000214739,0.562528,0.000678062,0.000281572
2.02347,0.000385631,0.573834,0.00064683,0.000413895
2.02429,0.00027148,0.582416,0.000250101,5.58E-05
2.02511,0.000333955,0.593381,0.000236988,0.000678301
2.02593,0.000225247,0.601418,0.000190496,0.000483751
2.02675,0.000344885,0.611452,0.000580549,0.000361919
2.02758,0.000163621,0.619646,0.000241518,0.000432491
2.0284,0.000168028,0.629206,0.00024724,0.000456095
2.02922,0.000121901,0.635845,0.000354052,0.000351906
2.03004,0.000106057,0.645868,0.000468016,0.000618696
2.03087,0.0002446,0.651824,0.000331163,0.000482798
2.03169,0.000103883,0.661317,0.000224829,0.000200987
2.03252,0.000140905,0.665917,0.000439405,0.000292778
2.03335,0.0002185,0.675279,0.000290394,0.000782728
2.03417,0.000384278,0.680077,0.000753641,0.000243187
2.035,7.40E-05,0.687607,0.000342369,0.000281811
2.03583,0.000251966,0.692736,0.000751018,0.000216007
2.03666,0.000285092,0.699525,0.000545263,0.000294924
2.03749,0.000229172,0.703372,0.000134945,0.000279665
2.03832,0.000272437,0.709906,0.000442266,0.00041914
2.03915,0.00022872,0.714736,0.000248909,0.000532627
2.03998,0.000173596,0.719793,0.000270844,9.16E-05
2.04082,0.00012279,0.724096,0.000525951,0.000417709
2.04165,0.000123595,0.728054,0.000270367,0.000442743
2.04248,0.000238401,0.732485,0.000397444,0.000205278
2.04332,0.000255517,0.736236,0.000183821,0.000210047
2.04415,0.000213699,0.740092,0.000332832,0.000699282
2.04499,0.000269143,0.742921,0.000269651,0.000316143
2.04583,0.000160707,0.747152,0.000142574,0.000259399
2.04666,0.000241955,0.749513,0.000311613,0.00033927
2.0475,0.000231249,0.753907,0.000154495,0.00049901
2.04834,0.000305845,0.755734,0.000138998,0.000153542
2.04918,0.000116633,0.759181,0.000509024,0.000665903
2.05002,0.000204271,0.761073,0.00025773,0.000662565
2.05086,0.000155616,0.76546,0.000391483,0.000453234
2.0517,6.36E-05,0.765242,0.000257254,0.000237465
2.05255,0.00015931,0.769872,0.000772953,0.000418663
2.05339,0.000198338,0.769368,0.000334263,0.000110626
2.05423,0.000249982,0.772853,0.000338793,0.000113964
2.05508,0.000367102,0.773789,0.000272751,0.000427008
2.05592,6.76E-05,0.776606,0.000141621,0.000281334
2.05677,0.000101756,0.776875,0.000369787,0.000498295
2.05761,0.000178713,0.779488,0.000221014,0.000280857
2.05846,0.000160342,0.779876,0.000640869,0.000233889
2.05931,0.000318952,0.781969,0.000132322,0.000411272
2.06016,0.000261987,0.783387,8.58E-06,0.000516653
2.06101,2.79E-05,0.784571,0.000413179,0.000129461
2.06186,9.22E-05,0.784902,0.000647306,0.000339031
2.06271,7.13E-05,0.786687,0.000375748,0.000487328
2.06356,0.000104758,0.787693,0.000456095,0.000546455
2.06441,0.00022816,0.788837,0.000452757,0.000403404
2.06526,0.000163763,0.789323,0.000278473,0.000132322
2.06612,7.86E-05,0.789739,8.77E-05,0.000378609
2.06697,0.000217307,0.791436,0.000133038,0.000272989
2.06782,0.000161742,0.791029,0.000332117,9.06E-05
2.06868,0.000160379,0.792787,0.000371456,-5.01E-06
2.06954,0.000153357,0.792362,0.000569582,0.000504494
2.07039,0.000372331,0.79433,0.000482082,0.000533581
2.07125,0.000230074,0.793699,0.000388622,7.10E-05
2.07211,9.40E-05,0.795456,0.000290394,0.000136852
2.07297,0.000235038,0.794436,3.43E-05,4.10E-05
2.07383,0.000123542,0.796962,0.000328064,0.000542879
2.07469,9.72E-05,0.795773,0.000206947,0.000332594
2.07555,0.000198149,0.797704,0.000113964,0.000395536
2.07641,7.26E-05,0.79631,0.00024128,0.000365972
2.07727,0.000103356,0.798334,0.000336409,0.00022006
2.07814,4.85E-05,0.79709,0.000257254,0.000332832
2.079,0.000134161,0.798509,0.000395298,0.000313282
2.07987,0.000172715,0.798467,0.000452519,0.000143766
2.08073,0.00023057,0.799203,0.000129223,0.000165701
2.0816,8.45E-05,0.798296,0.000188828,0.000239611
2.08247,0.000187588,0.799884,0.000169516,0.00043273
2.08333,0.000252088,0.798931,0.000231981,0.000374079
2.0842,0.000152193,0.799828,0.000464201,0.000221729
2.08507,0.000203214,0.800114,0.000263453,0.000302553
2.08594,0.00022126,0.800224,0.000160933,0.000151634
2.08681,8.94E-05,0.800414,0.000225782,0.000309944
2.08768,0.000135912,0.800946,9.47E-05,0.000212669
2.08855,7.26E-05,0.800774,0.000263453,0.000254154
2.08943,0.000132759,0.800624,0.000424624,0.0002532
2.0903,7.54E-05,0.801419,0.000209331,0.000129223
2.09118,0.000211096,0.801173,0.000389576,-1.53E-05
2.09205,0.000131844,0.801973,0.000267744,0.000390291
2.09293,4.78E-05,0.800531,0.000496387,0.00030899
2.0938,0.000273334,0.801621,0.000320673,0.000109434
2.09468,0.000363612,0.800661,-7.39E-06,0.000145197
2.09556,0.000184771,0.802296,0.00057435,0.000161648
2.09644,0.000242174,0.800447,0.000580549,0.000240564
2.09732,0.000245569,0.80233,0.00045824,0.000135183
2.0982,0.000190559,0.80039,0.000360251,0.000533581
2.09908,0.000191427,0.802147,0.000372887,0.000201225
2.09996,0.000245765,0.80058,0.000402212,0.000157356
2.10084,4.85E-05,0.801479,0.000440597,0.000161648
2.10172,0.000160879,0.800479,0.00026536,0.000114918
2.10261,0.000104283,0.801206,0.000161886,0.000153065
2.10349,0.000232879,0.799477,0.000166893,0.00020957
2.10438,7.01E-05,0.800147,0.000453472,0.000210524
2.10526,0.000118083,0.799445,0.000484705,0.00025177
2.10615,0.000205617,0.800194,0.000215054,0.000133514
2.10704,0.000195522,0.799509,0.000344515,0.000263453
2.10793,0.000303902,0.799231,0.000350714,0.00026989
2.10881,0.000239727,0.79929,0.000398397,0.000146627
2.1097,0.000105114,0.799269,0.000239611,0.000199318
2.1106,0.000159128,0.798715,8.99E-05,0.000348806
2.11149,0.000159549,0.798764,0.000333309,8.82E-05
2.11238,0.000135459,0.798567,0.000651121,7.53E-05
2.11327,0.000215202,0.798624,0.00047183,0.000290394
2.11416,0.000241741,0.79905,0.00024581,0.000117064
2.11506,0.000190289,0.798101,0.000119686,0.000150442
2.11595,8.73E-05,0.798876,0.000292301,0.000220537
2.11685,2.50E-05,0.798125,0.000389099,0.000156641
2.11775,0.000178275,0.799123,0.000255585,0.000178814
2.11864,0.000329907,0.798492,0.000359058,0.000191927
2.11954,0.000208032,0.799743,0.000361443,0.000122309
2.12044,0.000380881,0.79839,0.000452519,0.00047183
2.12134,0.000131566,0.800353,7.58E-05,0.000317812
2.12224,0.000220914,0.799252,0.000359297,0.000283718
2.12314,1.99E-05,0.800357,0.000149727,0.000178814
2.12404,0.000158198,0.799491,0.000303745,0.000116348
2.12495,0.000118767,0.80035,0.000257254,6.56E-05
2.12585,0.000244882,0.800059,0.000182629,0.000247955
2.12675,0.000269257,0.801599,0.00034976,0.00018239
2.12766,0.000324076,0.800674,0.000159979,0.000218391
2.12857,6.36E-05,0.802499,0.00026989,0.000153303
2.12947,0.000293861,0.801608,0.000145674,0.000538349
2.13038,0.000154003,0.801801,0.000263929,0.000424147
2.13129,0.000240996,0.800695,0.000418663,0.000163555
2.1322,0.000134455,0.801481,0.000396252,0.000364065
2.13311,0.000139356,0.801299,0.000300169,0.000300169
2.13402,0.000131651,0.800961,0.000435352,9.58E-05
2.13493,8.11E-05,0.800991,8.23E-05,0.000213861
2.13584,0.000129967,0.801179,0.000195742,0.000175953
2.13675,0.000102387,0.801354,0.000298262,2.88E-05
2.13767,6.06E-05,0.801539,4.08E-05,0.000206947
2.13858,0.000117289,0.801711,8.94E-05,0.00041008
2.1395,0.000124829,0.801399,0.000305176,0.000269651
2.14041,0.000119353,0.802053,0.000226259,0.000285149
2.14133,7.59E-05,0.801728,0.000238657,0.000183821
2.14225,3.93E-05,0.802657,0.000333071,7.80E-05
2.14316,0.000130499,0.801674,0.000302076,0.000143766
2.14408,3.55E-05,0.802965,0.000273466,0.000151634
2.145,0.000213101,0.801862,0.000415325,0.000277281
2.14592,0.000166148,0.803129,0.000148058,0.000139237
2.14684,0.000198502,0.801538,0.000288963,0.000218153
2.14777,0.000167264,0.803423,0.000534058,0.000107765
2.14869,9.01E-05,0.802339,0.000235081,0.000384808
2.14961,3.14E-05,0.803629,0.000365496,0.000203133
2.15054,0.000118234,0.801728,0.000125885,0.000119448
2.15146,9.31E-05,0.803555,0.000149965,0.000204563
2.15239,0.000101201,0.802416,0.000468731,0.000226736
2.15332,0.000176698,0.803901,0.000249386,0.000168323
2.15424,0.000283195,0.802545,0.000187874,0.000117302
2.15517,9.11E-05,0.803759,0.000114441,0.000324965
2.1561,0.000215986,0.802987,0.000175953,0.000365734
2.15703,0.00023228,0.80339,0.000370264,0.000382662
2.15796,0.000126304,0.803003,0.000310183,0.000228882
2.15889,0.000115823,0.803846,0.00013113,0.000142336
2.15983,0.00018015,0.804038,0.000178337,0.000400305
2.16076,0.000251032,0.803455,0.000385523,0.000287294
2.16169,0.000183467,0.803177,0.000275373,5.20E-05
2.16263,0.000107953,0.803574,0.000134945,0.000263929
2.16357,0.000341955,0.803423,0.000435352,0.000288248
2.1645,0.000151802,0.803215,0.000213385,0.000183821
2.16544,2.50E-05,0.803327,0.000243902,0.00042367
2.16638,0.000119429,0.802675,0.00011301,0.000252008
2.16732,0.000114056,0.802726,0.000234127,0.000180244
2.16826,0.000141974,0.802528,0.000216484,0.000110149
2.1692,0.000114409,0.803082,0.000163794,4.77E-06
2.17014,5.53E-05,0.802018,0.000182867,0.000525475
2.17108,2.30E-05,0.802624,0.000444412,0.000116825
2.17202,8.29E-05,0.801826,0.00020504,0.000261068
2.17297,0.000184948,0.802084,0.000286579,0.000200272
2.17391,0.000110353,0.801212,0.000255108,0.000141382
2.17486,0.000159388,0.801711,8.94E-05,0.000250101
2.17581,0.000149706,0.800627,0.000220537,9.16E-05
2.17675,0.000100816,0.8009,0.000122786,0.000213146
2.1777,2.99E-05,0.799962,0.000267744,0.00022912
2.17865,0.000102618,0.800437,0.000187159,0.00028801
2.1796,0.00025775,0.799587,0.000216723,0.000347138
2.18055,0.000189738,0.799811,0.000211477,0.000350237
2.1815,8.08E-05,0.798635,0.000261068,0.00031352
2.18245,0.000284074,0.798655,0.000337362,0.000104904
2.18341,0.000184987,0.7985,0.000324488,0.000211477
2.18436,0.000156824,0.798249,0.000300169,0.000206471
2.18531,0.000123928,0.797636,0.000120878,0.00023818
2.18627,7.52E-05,0.79727,1.53E-05,0.000184536
2.18723,2.04E-05,0.796682,7.89E-05,1.76E-05
2.18818,8.66E-05,0.796732,0.000114202,0.000248671
2.18914,9.04E-05,0.796263,0.000229597,0.000135183
2.1901,2.50E-05,0.795552,7.63E-05,3.39E-05
2.19106,4.84E-05,0.795632,0.000196934,0.000419617
2.19202,5.40E-06,0.794852,0.000163794,0.000195265
2.19298,9.03E-05,0.794632,4.79E-05,0.000206709
2.19394,3.95E-05,0.793241,8.15E-05,8.11E-06
2.19491,0.000193904,0.793937,0.000280619,0.000448465
2.19587,0.000134145,0.792647,0.000142813,8.34E-05
2.19684,0.000171921,0.793382,9.04E-05,0.000185728
2.1978,0.000269334,0.791769,0.000109911,0.000163078
2.19877,0.000168047,0.79225,0.000251055,0.00015378
2.19974,0.000149505,0.790444,0.000295162,0.000145197
2.2007,6.10E-05,0.79134,0.000342131,0.000262499
2.20167,8.87E-05,0.789855,0.000118256,0.000137806
2.20264,7.28E-05,0.790141,0.000106811,0.000258446
2.20361,9.43E-05,0.788743,0.000188828,0.000326157
2.20459,0.000125984,0.789489,0.000276566,0.000121117
2.20556,6.08E-05,0.788399,0.000645876,0.000263453
2.20653,0.00010126,0.787971,0.000193596,0.000169754
2.20751,9.04E-05,0.787154,0.000278234,9.87E-05
2.20848,0.000147039,0.787108,0.000384808,0.000349522
2.20946,9.45E-05,0.785988,0.000336409,0.00040102
2.21043,7.79E-05,0.785943,0.000257492,0.000191927
2.21141,4.29E-05,0.785629,0.00022316,0.000309944
2.21239,8.64E-05,0.784665,0.000225067,0.000224113
2.21337,0.000147321,0.784072,0.000174046,0.000118017
2.21435,0.0001556,0.783926,0.000119924,0.000208378
2.21533,0.000139951,0.783685,0.000190258,0.000185966
2.21631,0.000208932,0.782694,0.000179768,0.000188828
2.21729,0.000166068,0.782688,0.000139237,0.000124931
2.21828,0.00011396,0.781551,5.67E-05,0.000335932
2.21926,9.72E-05,0.781678,7.32E-05,0.000217915
2.22025,0.000161753,0.780908,7.20E-05,0.000204802
2.22124,0.000219372,0.781006,0.000180483,0.000178099
2.22222,4.73E-05,0.779589,0.000392914,0.000491142
2.22321,8.11E-05,0.779892,9.80E-05,0.000263691
2.2242,7.78E-05,0.778778,0.000438213,0.000458002
2.22519,0.000179984,0.779277,0.000215292,0.000186682
2.22618,0.00015488,0.777935,0.000138044,0.000152111
2.22717,0.000310447,0.777985,0.000151873,0.000276566
2.22816,8.62E-05,0.777494,0.000294447,0.000128508
2.22916,4.59E-05,0.777413,5.56E-05,7.94E-05
2.23015,0.000143462,0.775953,0.000251055,0.000313044
2.23115,0.000148065,0.776241,0.000234366,0.000113964
2.23214,0.000148989,0.774999,0.000337839,9.73E-05
2.23314,6.17E-06,0.775203,0.000346184,0.000399113
2.23414,9.40E-05,0.77426,0.000211239,0.000452757
2.23514,6.94E-05,0.774364,0.000381231,0.000318766
2.23614,0.000107389,0.773816,0.000341892,0.000240803
2.23714,0.000135463,0.773222,0.000175953,0.000348568
2.23814,0.000110337,0.772999,0.000281572,0.000497818
2.23914,0.000144545,0.772836,0.000225544,0.000355959
2.24014,6.66E-05,0.772279,0.000237942,0.000277519
2.24115,0.000142836,0.771499,0.000290394,0.000447035
2.24215,0.000176071,0.771687,7.53E-05,0.000512361
2.24316,0.000128024,0.771192,0.000109196,0.000730276
2.24417,4.63E-05,0.771414,6.25E-05,0.00074172
2.24517,4.19E-05,0.77054,0.000181675,0.000484943
2.24618,0.000151709,0.770486,0.000255585,0.00066328
2.24719,7.34E-05,0.769557,0.000433922,0.000458002
2.2482,9.15E-05,0.769934,0.000115633,0.00101304
2.24921,7.50E-05,0.769457,0.000223398,0.000802994
2.25023,0.000107976,0.76985,0.000250816,0.000849009
2.25124,3.87E-05,0.768607,0.000218391,0.000974417
2.25225,0.000293715,0.7693,6.99E-05,0.00067091
2.25327,0.000193951,0.768124,0.000120878,0.00116134
2.25428,9.89E-05,0.769083,0.000164509,0.000536442
2.2553,0.000239845,0.767485,0.000440121,0.00105667
2.25632,0.000131458,0.768498,0.00014925,0.00103021
2.25734,3.41E-05,0.767566,0.000244141,0.0014894
2.25836,3.08E-05,0.767555,0.000170469,0.00133109
2.25938,9.74E-05,0.76731,0.000354528,0.00159287
2.2604,0.000111813,0.767995,0.000115395,0.00168753
2.26142,8.94E-05,0.767129,0.000139713,0.00164175
2.26244,0.000199468,0.76726,0.000165224,0.0018487
2.26347,0.000105253,0.766963,0.000254393,0.00215244
2.26449,4.48E-05,0.76708,0.000280857,0.00217152
2.26552,7.57E-05,0.766804,0.000304699,0.00239825
2.26655,9.70E-05,0.766754,0.00034833,0.00246191
2.26757,8.91E-05,0.767039,0.000281572,0.0028379
2.2686,0.000195703,0.766677,0.000292063,0.00337195
2.26963,0.000162572,0.766731,0.000310183,0.0030539
2.27066,0.000144373,0.7668,0.000130892,0.00333404
2.27169,6.40E-05,0.76688,0.000216961,0.00346637
2.27273,0.000113623,0.766393,0.000289202,0.00387692
2.27376,0.000106536,0.766968,0.00026083,0.00411606
2.2748,5.34E-05,0.766229,0.000289679,0.00414944
2.27583,4.57E-05,0.766944,0.000181436,0.00464749
2.27687,2.15E-05,0.766463,0.000308752,0.00486088
2.2779,0.000107078,0.767189,0.000158071,0.0049305
2.27894,0.000109803,0.766179,0.000246048,0.00467873
2.27998,4.41E-05,0.767136,0.000572205,0.00498891
2.28102,7.73E-05,0.766605,0.000428915,0.00520515
2.28206,5.73E-05,0.767514,9.11E-05,0.0052321
2.28311,2.38E-05,0.766312,1.48E-05,0.00546193
2.28415,7.03E-05,0.767172,0.000201702,0.00542593
2.28519,0.000141295,0.766176,0.000281334,0.00576901
2.28624,3.62E-05,0.767053,0.000260115,0.00561094
2.28728,0.000150809,0.766564,0.000193834,0.00586486
2.28833,7.22E-05,0.767359,0.000169039,0.00595212
2.28938,6.59E-05,0.766588,0.000239372,0.0058353
2.29043,0.000137095,0.766618,0.000200272,0.00608993
2.29148,0.000115154,0.766691,0.000357628,0.00609279
2.29253,0.000174538,0.766938,0.000340462,0.0060854
2.29358,0.000130912,0.766202,0.000368595,0.00620723
2.29463,6.47E-05,0.766322,0.00041914,0.00628924
2.29568,5.60E-05,0.766585,0.000295639,0.00628734
2.29674,0.000122806,0.766506,0.000157356,0.00622129
2.29779,0.000221148,0.766053,0.000454903,0.00616145
2.29885,0.000113605,0.765691,0.000394344,0.00620818
2.29991,0.000102627,0.766002,0.000155926,0.00625849
2.30097,9.32E-05,0.765642,0.000163317,0.00619316
2.30203,0.000110726,0.765983,0.000469923,0.00639939
2.30309,0.000146182,0.764874,0.00039506,0.00641417
2.30415,0.000189796,0.765209,0.000168562,0.00629163
2.30521,0.000114756,0.764297,0.00023222,0.00644016
2.30627,0.000155323,0.765273,0.000150442,0.00641465
2.30734,6.07E-05,0.764296,0.0003016,0.00644088
2.3084,0.000210079,0.764791,0.000112295,0.00627375
2.30947,0.000117515,0.763632,4.91E-05,0.00649381
2.31054,0.000205228,0.764159,0.000231028,0.00631857
2.3116,0.000103351,0.762794,0.000388384,0.00647044
2.31267,9.38E-05,0.763715,0.000292778,0.00639653
2.31374,6.90E-05,0.76274,0.000226975,0.00629664
2.31481,8.40E-05,0.762772,8.06E-05,0.00622153
2.31589,6.65E-05,0.761891,0.000187874,0.00621247
2.31696,7.70E-05,0.762339,0.000261545,0.00633764
2.31803,0.000118954,0.761741,0.00022769,0.00646448
2.31911,0.000193764,0.761752,0.00023222,0.00661111
2.32019,0.000221732,0.761412,0.000341177,0.00626111
2.32126,0.000169578,0.761256,0.000159979,0.00621867
2.32234,0.0001011,0.760817,6.18E-05,0.0062356
2.32342,2.87E-05,0.760543,0.000165224,0.00627327
2.3245,0.000117693,0.760381,0.00014329,0.00615001
2.32558,0.000101717,0.76019,4.34E-05,0.00618243
2.32666,0.000133631,0.760146,0.000148535,0.00635934
2.32775,0.0001413,0.75942,0.00013876,0.00621486
2.32883,0.000185698,0.759785,0.000304699,0.00622582
2.32992,6.26E-05,0.7593,0.000136375,0.0062778
2.331,0.000124503,0.759694,5.63E-05,0.00624061
2.33209,0.00011478,0.759117,0.000156641,0.00616837
2.33318,0.00029808,0.759611,3.65E-05,0.00589752
2.33427,0.000127601,0.75878,0.000121593,0.00617218
2.33536,0.000108,0.759683,0.000200748,0.00615501
2.33645,0.000168419,0.75895,0.000520468,0.00627255
2.33754,6.17E-05,0.75995,8.20E-05,0.00600743
2.33863,0.000203675,0.759415,0.000217438,0.0062108
2.33973,8.17E-05,0.760489,0.000303268,0.00595903
2.34082,4.38E-05,0.759758,0.000241518,0.00624585
2.34192,8.55E-05,0.760566,0.000276804,0.00612903
2.34302,0.000173991,0.760961,0.000154018,0.00626946
2.34412,0.00016621,0.761561,0.000150442,0.00607061
2.34522,0.000142484,0.761635,7.22E-05,0.00611019
2.34632,0.000125465,0.762392,0.000161171,0.00606608
2.34742,0.000168201,0.762697,0.000260115,0.00615573
2.34852,0.000169332,0.763426,0.000214577,0.00616026
2.34962,7.44E-05,0.763625,0.000220537,0.00612163
2.35073,5.53E-05,0.764354,0.00028348,0.00601697
2.35183,2.42E-05,0.76493,6.82E-05,0.00609064
2.35294,5.79E-05,0.765318,3.39E-05,0.00610375
2.35405,7.12E-05,0.765841,0.000173807,0.00599694
2.35516,3.36E-05,0.766237,0.000174522,0.00607657
2.35627,0.000145273,0.766862,0.000190973,0.00613403
2.35738,0.000115122,0.767015,0.000196218,0.00622606
2.35849,9.39E-05,0.767815,0.000103474,0.00609875
2.3596,6.41E-05,0.767499,0.000252724,0.00600243
2.36072,5.46E-05,0.767474,0.000289917,0.00599456
2.36183,8.89E-05,0.767159,0.000145197,0.00591588
2.36295,0.000102338,0.767122,6.84E-05,0.00610495
2.36407,0.000132449,0.765709,0.00032258,0.00619268
2.36518,5.82E-05,0.765362,0.000394583,0.00603509
2.3663,0.000133802,0.763771,0.000283003,0.00625324
2.36742,0.000126669,0.762289,0.000242948,0.00591636
2.36855,4.74E-05,0.759386,0.000284195,0.00599503
2.36967,0.000108185,0.757536,0.000393391,0.00591564
2.37079,8.37E-05,0.753719,0.000180483,0.00592923
2.37192,0.000107354,0.750222,0.00011158,0.00600433
2.37304,0.000155824,0.745331,3.34E-05,0.00608611
2.37417,2.52E-05,0.740428,0.00019002,0.00612426
2.3753,0.000101335,0.734179,0.00020504,0.00605512
2.37643,0.000144885,0.727344,7.58E-05,0.00594044
2.37756,9.23E-05,0.719804,0.000147819,0.00603485
2.37869,0.000109223,0.711196,0.000160456,0.00620031
2.37982,0.000162709,0.700798,0.000198603,0.00617814
2.38095,6.51E-05,0.690597,5.65E-05,0.00630164
2.38209,0.00011127,0.679023,0.000254154,0.00634146
2.38322,9.98E-05,0.666339,0.000328541,0.00624585
2.38436,2.44E-05,0.652645,0.000155926,0.00611496
2.3855,9.29E-05,0.637967,3.03E-05,0.00601292
2.38663,0.000152223,0.622293,0.000295162,0.00611639
2.38777,9.86E-05,0.605563,0.000190258,0.0062449
2.38892,0.000159812,0.588642,6.20E-06,0.00617981
2.39006,0.000130946,0.570473,0.000171185,0.00640631
2.3912,9.39E-05,0.551824,0.000263929,0.00621581
2.39234,3.85E-05,0.532295,0.000155449,0.00590801
2.39349,0.000125159,0.512892,0.000175953,0.00597453
2.39464,8.48E-05,0.492433,0.000261784,0.0061307
2.39578,0.000105679,0.472687,0.000229835,0.00602102
2.39693,9.47E-05,0.451759,0.000237465,0.00630188
2.39808,4.79E-05,0.431289,0.000208378,0.00625467
2.39923,0.00010077,0.41087,0.000240564,0.00630856
2.40038,7.00E-05,0.390981,0.000213861,0.00615406
2.40154,0.000135434,0.370935,0.000160694,0.00596261
2.40269,0.000131924,0.351714,0.000222444,0.00612307
2.40385,5.86E-05,0.332379,0.000143766,0.00620151
2.405,8.55E-05,0.314281,0.000140905,0.00596762
2.40616,0.000109494,0.296247,0.000193596,0.00626254
2.40732,0.000143781,0.279017,0.000418901,0.00611091
2.40848,0.000102255,0.262405,0.000160694,0.00605512
2.40964,0.000114389,0.246608,0.000154495,0.00620723
2.4108,0.000104723,0.231481,0.000110388,0.00631905
2.41196,1.57E-05,0.217145,0.000213623,0.0061326
2.41313,3.13E-05,0.203303,0.000144243,0.00609207
2.41429,7.35E-05,0.190433,0.000177622,0.00613284
2.41546,3.13E-05,0.178209,0.000300169,0.00612664
2.41663,8.53E-05,0.166515,0.000205278,0.00617337
2.41779,8.74E-05,0.155752,0.000200987,0.00623131
2.41896,0.00012517,0.145481,0.000236034,0.00621986
2.42014,4.65E-05,0.135913,7.32E-05,0.00618196
2.42131,6.09E-05,0.126987,0.000192881,0.00595546
2.42248,8.77E-05,0.118659,0.000173807,0.00602055
2.42365,3.97E-05,0.110687,3.72E-05,0.00628734
2.42483,6.23E-05,0.103387,2.41E-05,0.0061512
2.42601,0.000115663,0.0963449,0.000123024,0.00615597
2.42718,2.72E-05,0.090167,0.000213146,0.00625086
2.42836,1.78E-05,0.0842864,4.32E-05,0.00627351
2.42954,8.49E-05,0.0785189,0.000165224,0.00601363
2.43072,9.49E-05,0.0729685,0.000222921,0.00626087
2.43191,7.71E-05,0.0684655,6.39E-05,0.00610709
2.43309,0.000146635,0.0637143,9.30E-06,0.00624204
2.43427,0.000106721,0.0595968,0.000157356,0.00623512
2.43546,0.000221148,0.0556896,0.000295162,0.00663757
2.43665,9.22E-05,0.0520182,0.000145197,0.00637388
2.43784,6.79E-05,0.048732,0.000243425,0.00626874
2.43902,5.97E-05,0.0456588,0.000119448,0.0062809
2.44021,6.36E-05,0.0425019,6.68E-05,0.00628328
2.44141,0.000106372,0.0394404,0.000206709,0.00631023
2.4426,5.48E-05,0.036977,0.000233173,0.00645447
2.44379,8.24E-05,0.0346248,0.000124931,0.00621962
2.44499,8.54E-05,0.0323148,8.06E-05,0.00616169
2.44618,5.94E-05,0.0301082,6.60E-05,0.00602698
2.44738,0.000121443,0.0281339,0.000104427,0.00618649
2.44858,5.24E-05,0.0263946,0.000227213,0.00601077
2.44978,9.29E-05,0.0247414,0.000214577,0.00588608
2.45098,7.21E-05,0.02302,6.77E-05,0.00609899
2.45218,3.79E-05,0.0216508,9.39E-05,0.00622535
2.45339,0.00011178,0.0203612,0.00015068,0.00610352
2.45459,7.10E-05,0.0190022,4.94E-05,0.00595999
2.4558,0.000112811,0.017796,0.000112057,0.00609446
2.457,8.10E-05,0.0166068,8.39E-05,0.00589991
2.45821,7.78E-05,0.0154107,6.51E-05,0.00614405
2.45942,0.000141887,0.0144811,0.000132322,0.00586557
2.46063,9.26E-05,0.0135107,6.34E-05,0.00599503
2.46184,0.000115997,0.0124474,0.000256777,0.00602865
2.46305,7.85E-05,0.0117354,0.000103474,0.006176
2.46427,0.000131432,0.0108318,0.000239611,0.00593543
2.46548,6.76E-05,0.0102568,9.32E-05,0.00594139
2.4667,0.000126037,0.00950813,0.00016427,0.00606036
2.46792,8.15E-05,0.0089457,6.48E-05,0.00597572
2.46914,0.000133326,0.00810218,0.000179291,0.00595832
2.47036,0.000133489,0.00780749,0.000136137,0.00584292
2.47158,8.50E-05,0.00715733,0.000141859,0.00581527
2.4728,0.0001307,0.00668311,0.000204325,0.00592422
2.47402,5.90E-05,0.0062964,0.00020051,0.00606298
2.47525,3.13E-05,0.00597858,5.70E-05,0.0057714
2.47647,8.16E-05,0.00549531,0.000144958,0.00577474
2.4777,0.000150582,0.0052259,0.000113249,0.00534201
2.47893,0.000116353,0.00480151,0.000154495,0.00526285
2.48016,4.74E-05,0.00430441,0.000279903,0.00564671
2.48139,0.000157863,0.00398374,0.000102282,0.0057807
2.48262,0.000145975,0.00391436,5.01E-05,0.00564265
2.48385,8.74E-05,0.00351596,0.000210285,0.00568724
2.48509,0.000107416,0.00305271,0.000185728,0.00573969
2.48633,4.79E-05,0.00297761,0.000137091,0.00563955
2.48756,7.57E-05,0.00287199,0.000181675,0.0055697
2.4888,6.18E-05,0.00256562,0.000160456,0.00539541
2.49004,2.40E-05,0.00235057,1.67E-05,0.00554347
2.49128,0.000166617,0.00208187,0.000281095,0.00577021
2.49252,5.12E-05,0.00229144,0.000197649,0.00570989
2.49377,0.000104977,0.0018816,0.000162125,0.00559401
2.49501,0.00011473,0.00181961,0.000204802,0.00558829
2.49626,0.000118895,0.00177288,0.000173569,0.00554633
2.4975,2.19E-05,0.00161243,0.000154257,0.00561404
2.49875,3.11E-05,0.0016191,0.000220299,0.00575685
2.5,6.03E-05,0.00141048,0.000241756,0.00558233
2.50125,0.000110019,0.00139022,9.27E-05,0.00567365
2.5025,9.25E-05,0.00102377,0.000147343,0.00560713
2.50376,0.000118689,0.00116181,8.44E-05,0.00566006
2.50501,9.73E-05,0.00128007,0.000100374,0.00563574
2.50627,9.28E-05,0.00104356,0.00016737,0.00547647
2.50752,7.80E-05,0.000857353,0.000247002,0.00548983
2.50878,5.34E-05,0.00110149,0.000174522,0.0051589
2.51004,3.70E-05,0.000850916,0.000115156,0.00429082
2.5113,1.24E-05,0.000935793,0.000222683,0.00491238
2.51256,0.000123633,0.000824928,0.000138283,0.00529146
2.51383,0.000197237,0.000883102,0.000162602,0.00507331
2.51509,0.000109174,0.000761032,0.00010705,0.00529861
2.51636,1.84E-05,0.000663519,6.58E-05,0.00533199
2.51762,8.36E-05,0.000580788,0.000175476,0.00534368
2.51889,4.76E-05,0.000804663,0.000153303,0.00529242
2.52016,1.59E-05,0.000727654,0.000101566,0.00542736
2.52143,0.000140122,0.000663757,0.000179052,0.00548148
2.5227,0.000117524,0.000370502,7.58E-05,0.00549722
2.52398,5.69E-05,0.000452995,0.000249624,0.00538444
2.52525,9.69E-05,0.000633478,0.000240803,0.00509858
2.52653,0.000247123,0.00069356,0.000299931,0.00536275
2.52781,0.000219446,0.00049758,0.000191212,0.00549626
2.52908,0.000112675,0.00039959,0.000127077,0.00529122
2.53036,3.84E-05,0.000421762,0.000162125,0.00558519
2.53165,5.47E-05,0.000433683,0.000355482,0.00586367
2.53293,4.18E-05,0.000510216,8.68E-05,0.00614357
2.53421,8.42E-05,0.000335455,0.000198364,0.00560236
2.5355,0.000119151,0.000377893,0.000180006,0.00617814
2.53678,0.000115204,0.000362873,0.000207663,0.00610733
2.53807,3.89E-05,0.000356913,0.000187159,0.00567126
2.53936,3.28E-05,0.000411272,2.91E-05,0.0054698
2.54065,8.45E-05,0.000414848,0.000192404,0.00505185
2.54194,5.61E-05,0.000421762,0.000146389,0.00530767
2.54323,0.00010698,0.000134945,0.000192881,0.00638318
2.54453,0.000155516,0.000278711,0.00018096,0.00588131
2.54582,6.67E-05,0.000365257,5.75E-05,0.00586724
2.54712,4.59E-05,0.000384331,0.000118494,0.00635099
2.54842,2.42E-05,0.00044322,0.000303984,0.0062592
2.54972,2.40E-05,0.000276804,0.00021553,0.00582027
2.55102,0.000167668,7.41E-05,-1.79E-05,0.00612831
2.55232,0.000239416,0.000104666,0.00027442,0.00694251
2.55363,0.000156751,0.000184774,0.000191927,0.00630665
2.55493,6.41E-05,2.91E-05,0.000105619,0.00592923
2.55624,1.31E-05,0.000372171,0.000137806,0.00560665
2.55754,0.0001101,0.000222444,7.77E-05,0.00546694
2.55885,9.12E-05,0.000144005,5.79E-05,0.00544334
2.56016,0.000175636,9.27E-05,5.87E-05,0.00699234
2.56148,5.22E-05,0.000252962,0.000109434,0.00798416
2.56279,0.000165012,0.000184774,0.000239134,0.00768113
2.5641,0.000131307,5.41E-05,0.000284195,0.00765395
2.56542,7.34E-05,0.00021553,0.000228882,0.00624752
2.56674,7.05E-05,0.000212431,0.000185251,0.00516844
2.56805,0.000110247,8.61E-05,0.000146866,0.00504303
2.56937,2.90E-05,0.000121355,3.50E-05,0.00585365
2.57069,4.91E-05,0.000201464,0.000109672,0.00487852
2.57202,7.06E-05,4.53E-05,3.48E-05,0.0047133
2.57334,9.32E-05,0.000211,0.00015378,0.00487375
2.57467,6.59E-05,0.000149012,2.31E-05,0.0035944
2.57599,1.90E-05,0.000227928,6.25E-05,0.00439
2.57732,9.80E-05,0.000264883,6.46E-05,0.00429583
2.57865,0.000122611,0.000167847,0.000149012,0.00343919
2.57998,0.00011055,0.000112057,0.000211954,0.00315261
2.58131,9.36E-05,0.000390291,0.000131845,0.00323486
2.58264,0.000122648,0.000303268,0.000263691,0.00315404
2.58398,0.000160887,2.88E-05,0.000265837,0.00344229
2.58532,0.000101083,0.000113726,0.000270605,0.00248003
2.58665,0.000214564,0.000117064,0.000212431,0.0022285
2.58799,8.44E-05,0.000167847,0.000148058,0.00205946
2.58933,5.91E-05,0.00036788,0.000181436,0.00191617
2.59067,7.50E-05,0.000281334,9.08E-05,0.0016427
2.59202,9.32E-05,0.000185728,0.000147581,0.0011816
2.59336,0.000188505,0.000392675,0.000189304,0.00159955
2.59471,0.000122491,0.000498056,0.000287771,0.00310135
2.59605,0.000272923,8.96E-05,0.00011301,0.00182104
2.5974,6.82E-05,4.67E-05,0.000255585,0.00141573
2.59875,8.36E-05,0.000142097,0.000220776,0.000834227
2.6001,5.09E-05,0.000282764,6.34E-05,0.000640392
2.60146,0.000147785,0.000234127,0.000138521,0.000682116
2.60281,5.84E-05,0.000225067,8.99E-05,0.000712156
2.60417,0.000104505,0.000278473,0.00013423,0.000695229
2.60552,0.000224413,0.00013423,1.22E-05,0.000673056
2.60688,9.20E-05,0.000332356,0.00019598,0.000547171
2.60824,0.00012188,0.000202894,0.000144243,0.000502348
2.6096,0.000105951,0.00022769,5.10E-05,0.000400305
2.61097,0.000165921,0.000244379,0.000112057,0.000385523
2.61233,0.000176238,0.000128269,0.000174046,0.000508785
2.6137,0.000154917,0.0003016,9.87E-05,0.000490427
2.61506,0.000181652,0.000217438,0.000137567,0.000386476
2.61643,0.000141148,0.000294924,0.000308752,0.000141382
2.6178,0.000174811,6.84E-05,0.000307798,0.000128031
2.61917,0.000151733,0.000147819,0.000184298,0.000543833
2.62055,0.000160067,0.000392437,0.000183344,0.000451565
2.62192,8.21E-05,0.00033617,0.000197411,0.000221729
2.62329,6.62E-05,0.000242948,6.41E-05,0.00027585
2.62467,8.10E-05,0.000176191,5.94E-05,0.00016427
2.62605,6.94E-05,0.000290871,0.000190735,0.000161886
2.62743,7.31E-05,0.000290394,0.000138283,0.0003438
2.62881,8.65E-05,0.000270605,0.000252008,0.000201941
2.63019,8.13E-05,0.000203848,0.00017643,0.000261068
2.63158,0.000177022,0.000116587,0.00019002,0.000245571
2.63296,0.000172853,0.000185728,9.42E-05,0.000299454
2.63435,7.93E-05,0.000141859,0.000246286,0.000157356
2.63574,2.33E-05,4.84E-05,0.000178814,0.000129223
2.63713,0.000117001,0.00028944,0.000303268,8.34E-05
2.63852,0.000102023,0.000141859,0.000105619,0.000103235
2.63992,6.51E-05,0.000117779,0.00015068,0.000163555
2.64131,0.000108555,0.000222206,0.000142574,0.000250339
2.64271,0.000137881,0.000269651,9.20E-05,9.04E-05
2.6441,8.63E-05,8.03E-05,0.000207424,0.000188589
2.6455,0.000199988,0.000101566,8.58E-06,0.000143528
2.6469,0.00014391,8.56E-05,0.000170231,0.000242472
2.64831,0.000135599,0.000128746,0.000331163,0.000211716
2.64971,6.62E-05,0.00010705,0.000153303,0.000204086
2.65111,8.33E-05,0.000142574,0.00024271,0.000149488
2.65252,0.000101051,7.84E-05,0.000170946,4.67E-05
2.65393,6.73E-05,2.38E-05,9.82E-05,0.000272036
2.65534,7.89E-05,2.41E-05,0.000300407,0.000360251
2.65675,4.10E-05,5.87E-05,0.000129461,4.32E-05
2.65816,0.000128495,0.000216484,0.000162602,0.000243902
2.65957,0.000192557,0.000211716,0.000224352,0.000308275
2.66099,0.000133126,0.000232935,0.00014329,0.000334024
2.66241,9.21E-05,0.000211954,0.000222683,0.000162363
2.66383,0.000120366,0.000325441,0.000132322,0.000268221
2.66525,0.000156038,0.000324726,0.000290871,0.00021553
2.66667,0.000121698,0.000118256,0.000255823,0.000145197
2.66809,6.92E-05,0.000347138,0.000260115,2.62E-05
2.66951,3.19E-05,0.00033021,0.000226736,0.000462294
2.67094,0.000156799,0.000259876,0.000416994,0.000184774
2.67237,5.51E-05,7.15E-05,0.000288963,0.000125408
2.6738,0.000104723,2.57E-05,0.000179052,0.00021863
2.67523,9.18E-05,0.000202656,0.00015831,0.00033474
2.67666,0.000171823,0.000167847,0.000304461,0.000391722
2.67809,0.00015689,0.000216961,0.000278473,0.000211716
2.67953,0.000184217,0.000478744,0.000100851,0.000283718
2.68097,0.000143191,0.000155687,2.12E-05,5.87E-05
2.6824,9.95E-05,0.000116348,0.000193834,0.000114202
2.68384,0.000124659,0.000142574,0.00029707,0.000146389
2.68528,3.67E-05,0.000199318,7.06E-05,0.00023365
2.68673,0.000129817,0.000220776,0.00018096,0.000286579
2.68817,8.20E-05,1.12E-05,0.000228405,9.78E-05
2.68962,7.77E-05,7.80E-05,0.000112534,0.000158787
2.69107,0.000103515,9.68E-05,4.79E-05,0.000290155
2.69251,0.000256761,0.000225544,0.000166178,0.00010705
2.69397,0.000255987,0.000205994,0.000279903,0.000282526
2.69542,5.07E-05,0.000108719,0.000162602,0.000338316
2.69687,1.07E-05,0.000121355,4.51E-05,0.000117302
2.69833,5.11E-05,0.000172138,0.000161171,0.000205278
2.69978,0.000115335,0.000165224,0.000198126,0.000181675
2.70124,0.000180811,5.51E-05,3.81E-06,4.98E-05
2.7027,0.000109256,0.000127792,0.000103951,0.000253916
2.70416,8.09E-05,0.000385523,0.000173569,0.000156879
2.70563,0.000134893,0.000124216,0.000107765,8.89E-05
2.70709,0.000110497,9.18E-05,0.00014329,0.000103712
2.70856,0.000111655,0.000173092,0.000119209,0.000156641
2.71003,0.000141908,0.000302076,0.000195742,0.000230312
2.7115,0.000231016,8.30E-05,0.000303745,0.000241995
2.71297,7.25E-05,0.000111103,0.000136375,0.000111103
2.71444,3.26E-05,0.000136375,0.000257015,8.42E-05
2.71592,0.00010568,8.30E-05,7.27E-05,0.000120878
2.71739,0.000104051,9.30E-05,0.000147581,0.000111342
2.71887,9.95E-05,0.000146389,7.89E-05,5.48E-05
2.72035,0.000216651,0.000422239,0.000314712,0.000272989
2.72183,7.52E-05,0.000178814,0.000315905,5.48E-05
2.72331,0.000187797,0.000235796,0.000156164,0.000223637
2.7248,0.000193894,6.03E-05,0.000296593,0.000254393
2.72628,9.52E-05,0.000158548,0.000128269,0.000362158
2.72777,0.000122896,0.00010252,0.00012517,0.00011611
2.72926,5.46E-05,8.30E-05,0.000232696,7.61E-05
2.73075,3.48E-05,0.000128746,0.000106335,0.000113249
2.73224,3.38E-05,7.70E-05,7.39E-05,0.00010705
2.73373,4.92E-05,0.000136614,0.000178814,0.000154972
2.73523,7.64E-05,3.22E-05,0.000154257,0.000168323
2.73673,6.86E-05,0.000276327,1.34E-05,0.000184536
2.73823,8.86E-05,0.000386953,0.000210285,0.000324011
2.73973,8.98E-05,-4.01E-05,0.000227928,0.000177383
2.74123,5.06E-05,0.000219822,9.13E-05,0.000193596
2.74273,7.77E-05,0.00033164,7.61E-05,0.000150204
2.74424,6.40E-05,0.000103712,0.000140667,0.000222683
2.74574,7.52E-05,0.000116348,0.000177383,0.000200272
2.74725,4.07E-05,0.000128985,0.000344515,0.00027585
2.74876,6.35E-05,0.000181675,0.000285149,0.000120163
2.75028,4.13E-05,0.000237227,0.000159264,0.000138283
2.75179,8.40E-05,0.000104189,0.000211954,9.68E-05
2.7533,0.000103297,5.03E-05,0.000130415,0.000274897
2.75482,9.47E-05,0.000358105,0.000139475,0.00023365
2.75634,0.00015685,0.000322103,0.00018549,0.00017643
2.75786,9.47E-05,0.000175476,0.000208378,0.000155926
2.75938,7.52E-05,0.000207186,6.29E-05,0.000176191
2.76091,7.48E-05,6.46E-05,6.39E-05,0.000141621
2.76243,8.67E-05,0.000185251,0.000207663,0.000127554
2.76396,0.000142282,4.22E-05,0.000271797,5.39E-05
2.76549,0.000137607,5.36E-05,0.000242472,0.000142574
2.76702,3.42E-05,9.92E-05,0.000261307,7.96E-05
2.76855,8.27E-05,9.97E-05,0.000123978,5.65E-05
2.77008,1.00E-04,7.06E-05,9.99E-05,0.000110626
2.77162,4.91E-05,0.000115156,0.000144005,0.000110626
2.77316,8.06E-05,0.000164509,8.25E-05,8.61E-05
2.77469,5.14E-05,0.000244379,0.000165462,0.000157356
2.77624,9.43E-05,0.000208378,0.000229597,0.000140905
2.77778,7.99E-05,4.74E-05,0.000152111,0.00019002
2.77932,2.48E-05,0.000142574,0.000138283,0.000248194
2.78087,2.84E-05,0.00020957,0.000183821,0.000110388
2.78242,2.16E-05,5.70E-05,0.000187397,6.15E-05
2.78396,8.46E-05,0.000104189,0.000159025,0.000214815
2.78552,7.98E-05,7.80E-05,8.75E-05,0.0001688
2.78707,3.92E-05,0.000153303,0.000195026,0.000167131
2.78862,6.02E-05,0.000174284,0.000100136,0.000270128
2.79018,3.96E-05,0.00013423,6.82E-05,0.000229597
2.79174,4.38E-05,0.000235558,0.000164747,0.000233412
2.7933,2.54E-05,0.000220537,0.000115871,5.58E-05
2.79486,6.00E-05,0.000117779,0.000115395,5.84E-05
2.79642,2.41E-05,8.80E-05,0.000119686,7.13E-05
2.79799,4.18E-05,0.00028348,3.91E-05,0.000174761
2.79955,1.40E-05,4.79E-05,8.75E-05,0.00020051
2.80112,1.84E-05,2.79E-05,0.0002141,7.89E-05
2.80269,3.15E-05,0.000187874,0.000252485,0.000219822
2.80426,3.54E-05,0.000336647,0.000216484,6.08E-05
2.80584,3.28E-05,0.000213623,0.000254154,0.000207186
2.80741,1.12E-05,4.48E-05,0.000156403,0.000229597
2.80899,3.12E-05,0.000141382,0.000121355,0.000145435
2.81057,3.63E-05,0.000227213,0.000170469,0.000128746
2.81215,2.79E-05,4.94E-05,5.03E-05,0.00019598
2.81373,1.96E-05,8.01E-05,0.000117779,0.000104904
2.81532,2.49E-05,0.000176907,0.000108719,0.000199318
2.8169,1.31E-05,0.000136852,0.000154018,0.000218153
2.81849,8.89E-06,0.000164509,0.000202656,9.66E-05
2.82008,2.58E-05,0.000197649,3.53E-05,0.000140667
2.82167,1.76E-05,8.01E-05,0.000198603,0.000241995
2.82326,4.63E-06,5.79E-05,0.000161886,0.000193119
2.82486,7.87E-06,4.65E-05,7.06E-05,2.41E-05
2.82646,1.38E-05,8.11E-05,0.000129223,8.34E-05
2.82805,1.38E-05,0.000109196,0.000133753,7.94E-05
2.82965,9.94E-06,0.000164509,0.000119924,8.42E-05
2.83126,2.17E-05,0.000231743,0.000190496,0.000143051
2.83286,1.60E-05,9.47E-05,0.00015378,9.87E-05
2.83447,8.45E-06,0.000146389,0.000240088,8.96E-05
2.83607,1.12E-05,0.000138283,0.000152826,0.000261784
2.83768,1.42E-05,0.000127554,0.000287533,0.000299931
2.8393,1.44E-05,0.000252485,0.000202894,0.00026989
2.84091,9.68E-06,1.22E-05,0.000139475,0.000217676
2.84252,5.14E-06,0.000122547,0.000272751,1.60E-05
2.84414,1.72E-05,0.000122786,0.000134945,0.000118971
2.84576,3.49E-06,0.000140429,0.000226975,7.70E-05
2.84738,8.04E-06,0.000170231,0.000204086,0.000207901
2.849,5.88E-06,0.000107765,0.000169516,0.000129223
2.85063,8.13E-06,0.000180006,8.63E-05,0.00014019
2.85225,7.02E-06,8.34E-05,0.000217438,5.75E-05
2.85388,1.25E-05,0.000101328,0.000142336,0.000102282
2.85551,9.40E-06,0.000178337,0.000270605,2.03E-05
2.85714,6.07E-06,0.00011158,0.000236511,6.89E-05
2.85878,6.52E-06,0.000128746,7.39E-05,0.000233412
2.86041,1.08E-05,0.000125647,0.000140905,0.000114679
2.86205,4.80E-06,0.000123501,1.50E-05,5.29E-05
2.86369,4.47E-06,0.000134945,7.72E-05,7.27E-05
2.86533,4.80E-06,1.74E-05,0.000136614,0.0001297
2.86697,3.63E-06,0.000132084,4.86E-05,0.000166893
2.86862,1.78E-06,0.000207186,0.000144958,0.000105619
2.87026,2.28E-06,2.91E-05,0.000131845,0.000113487
2.87191,5.34E-06,0.000205994,7.65E-05,0.000154018
2.87356,6.29E-06,0.000154972,0.000177383,0.000166655
2.87522,5.57E-06,3.05E-05,0.000251293,5.77E-05
2.87687,4.31E-06,0.000194311,0.000264406,0.000363112
2.87853,5.22E-06,8.18E-05,0.000209808,0.000111342
2.88018,5.11E-06,7.22E-05,0.000222444,0.00011301
2.88184,2.12E-06,0.000132322,0.000140667,0.00017643
2.88351,4.77E-06,4.82E-05,0.000253439,9.51E-05
2.88517,4.36E-06,2.77E-05,0.000216246,0.000186205
2.88684,3.14E-06,0.000114441,3.55E-05,0.000159264
2.8885,4.52E-06,2.74E-05,0.000103474,0.000115633
2.89017,1.20E-06,7.10E-05,8.32E-05,0.00016284
2.89184,7.08E-06,0.000133038,9.32E-05,0.000214338
2.89352,3.17E-06,3.39E-05,0.000119686,0.000106811
2.89519,4.61E-06,6.27E-05,0.000159502,0.000158071
2.89687,5.45E-06,7.77E-05,0.000122547,0.000196695
2.89855,3.35E-06,0.000173569,9.35E-05,5.01E-05
2.90023,3.16E-06,7.22E-05,9.04E-05,6.91E-05
2.90192,2.91E-06,0.000105619,0.000170469,4.53E-05
2.9036,5.54E-06,0.000124693,0.000125408,5.94E-05
2.90529,5.34E-06,0.000213385,0.00030899,0.000133753
2.90698,5.23E-06,0.000185251,0.000303268,0.000115395
2.90867,2.67E-06,1.65E-05,0.00017643,0.000106096
2.91036,8.28E-07,7.06E-05,0.000290632,8.11E-05
2.91206,1.39E-06,9.30E-05,0.000133991,7.22E-05
2.91375,3.30E-06,9.42E-05,0.000246763,0.000142097
2.91545,2.20E-06,9.63E-05,0.000261307,6.20E-05
2.91715,1.36E-06,0.000184298,0.000194788,0.000145435
2.91886,1.69E-06,0.000115395,0.000174284,8.27E-05
2.92056,7.71E-07,0.000235796,6.20E-05,7.92E-05
2.92227,2.54E-06,0.000214815,2.81E-05,0.000161171
2.92398,3.30E-06,0.000156879,0.000281811,4.27E-05
2.92569,1.97E-06,0.000147819,7.99E-05,0.000216723
2.9274,8.87E-07,3.70E-05,0.000112057,0.00015235
2.92912,2.12E-06,8.15E-05,0.000207186,0.000208616
2.93083,3.36E-07,9.47E-05,0.000339985,8.06E-05
2.93255,2.00E-06,0.00010848,0.000128508,4.51E-05
2.93427,1.69E-06,0.000121832,0.000125647,9.97E-05
2.936,2.59E-06,0.000169992,0.000167131,0.000207901
2.93772,1.53E-06,7.84E-05,5.56E-05,0.000109434
2.93945,2.25E-06,0.000106335,0.000113964,1.76E-05
2.94118,2.03E-06,9.54E-06,0.000226975,7.22E-05
2.94291,1.85E-06,0.00011158,0.000299692,0.000121355
2.94464,1.86E-06,8.30E-05,1.10E-05,0.000126839
2.94638,1.16E-06,0.000133991,0.00024724,0.00011158
2.94811,8.09E-07,0.000164986,0.000143528,0.000184536
2.94985,1.71E-06,0.000179052,0.000154018,7.84E-05
2.95159,1.37E-06,0.00013423,0.000240088,9.68E-05
2.95334,1.53E-06,4.05E-05,7.63E-05,0.00013113
2.95508,2.73E-06,0.000110388,9.25E-05,0.000111103
2.95683,1.79E-06,0.000162363,0.000135183,8.65E-05
2.95858,1.45E-06,7.32E-05,0.00022316,0.00011158
2.96033,1.58E-06,3.29E-05,0.000267506,0.00015974
2.96209,2.33E-06,2.03E-05,0.00032115,0.000183582
2.96384,1.04E-06,2.41E-05,0.00024581,0.000123739
2.9656,1.01E-06,3.58E-05,0.000158548,7.44E-05
2.96736,1.61E-06,0.000127554,0.000226975,8.82E-05
2.96912,1.62E-06,0.000144958,0.000350714,6.96E-05
2.97089,9.35E-07,7.82E-05,0.000133514,0.000212669
2.97265,1.63E-06,8.08E-05,0.000220776,8.75E-05
2.97442,1.18E-06,0.000110865,0.000272751,8.54E-05
2.97619,1.11E-06,6.87E-05,0.000148535,8.63E-05
2.97796,1.47E-06,5.63E-05,0.000270128,0.000130177
2.97974,1.13E-06,0.000147343,0.000206232,0.000145197
2.98151,1.56E-06,9.70E-05,0.000171423,3.86E-05
2.98329,5.92E-07,0.000109672,0.000373602,5.44E-05
2.98507,4.63E-07,0.000250578,0.000257254,7.18E-05
2.98686,3.78E-07,0.000110865,0.000360727,4.20E-05
2.98864,1.80E-06,0.000137806,0.000429392,8.85E-05
2.99043,2.23E-06,9.78E-05,0.000331402,0.000112295
2.99222,1.37E-06,0.000149727,0.000296354,1.36E-05
2.99401,9.61E-07,0.000174522,0.000294208,2.81E-05
2.99581,1.35E-06,0.000228167,0.000381947,1.29E-05
2.9976,9.73E-07,0.000139475,0.000486374,0.000160933
2.9994,1.47E-06,0.000104427,0.000471115,0.00024271
3.0012,1.05E-06,9.39E-05,0.000427485,8.46E-05
3.003,7.49E-07,9.04E-05,0.000670195,9.32E-05
3.00481,9.05E-07,8.96E-05,0.000613928,9.49E-05
3.00661,1.08E-06,0.000204086,0.000505209,0.000220299
3.00842,1.44E-06,0.000138044,0.000599146,0.000114918
3.01023,8.91E-07,0.000112295,0.000668287,-8.58E-06
3.01205,1.63E-06,4.82E-05,0.000799179,0.000105143
3.01386,1.60E-06,0.000145674,0.000838518,0.000190496
3.01568,1.78E-06,0.000170469,0.000962257,0.000121593
3.0175,1.66E-06,7.94E-05,0.00120592,0.000240803
3.01932,1.44E-06,0.000104666,0.00134921,9.23E-05
3.02115,2.03E-06,0.000142574,0.00127125,7.10E-05
3.02297,2.27E-06,8.58E-05,0.00150251,7.94E-05
3.0248,2.14E-06,0.000147819,0.00161243,0.000124216
3.02663,2.60E-06,0.000167847,0.00188732,5.87E-05
3.02847,2.92E-06,6.79E-05,0.00170279,0.000196695
3.0303,2.59E-06,9.06E-05,0.00204206,0.000142336
3.03214,3.25E-06,0.000118494,0.00192571,9.70E-05
3.03398,3.04E-06,5.41E-05,0.00215411,0.000113487
3.03582,3.78E-06,5.05E-05,0.0022676,0.000128508
3.03767,3.28E-06,0.000141859,0.00244951,0.000200987
3.03951,3.71E-06,8.08E-05,0.00242066,0.000188351
3.04136,3.83E-06,0.000106335,0.0025301,0.000106335
3.04321,3.26E-06,0.000105143,0.00248027,0.000148058
3.04507,3.83E-06,0.000105619,0.0023284,0.000181198
3.04692,3.28E-06,0.000133753,0.00224257,0.000270128
3.04878,2.61E-06,0.000280619,0.00251317,5.32E-05
3.05064,2.14E-06,0.000183821,0.0024693,8.20E-05
3.0525,1.74E-06,0.000101566,0.00250125,6.65E-05
3.05437,1.65E-06,7.80E-05,0.00249219,0.000135899
3.05623,1.35E-06,0.000175953,0.00242495,0.000114202
3.0581,1.07E-06,7.10E-05,0.00247026,0.000135422
3.05998,1.13E-06,5.20E-05,0.00256109,0.000116348
3.06185,9.41E-07,0.00011158,0.00265122,0.000226736
3.06373,8.21E-07,7.49E-05,0.00268054,0.000153303
3.0656,9.23E-07,0.000149488,0.0026195,7.49E-05
3.06748,6.10E-07,0.000167847,0.00252914,0.000199795
3.06937,7.00E-07,0.000160694,0.0025599,0.000111342
3.07125,9.81E-07,0.000150919,0.00271273,0.000116587
3.07314,6.09E-07,0.00012517,0.00289178,0.000145197
3.07503,4.61E-07,9.32E-05,0.0028379,3.15E-05
3.07692,5.22E-07,0.000144958,0.0027976,0.000165462
3.07882,2.42E-07,0.000226021,0.00280762,6.01E-05
3.08071,2.66E-07,7.03E-05,0.00294924,0.000101566
3.08261,6.08E-08,0.000118494,0.00277042,0.00025487
3.08452,1.12E-07,5.17E-05,0.00315022,0.000262499
3.08642,2.18E-07,0.000101328,0.00310421,7.63E-05
3.08833,4.75E-07,0.00010252,0.0032618,6.70E-05
3.09023,3.65E-07,1.96E-05,0.00327802,4.67E-05
3.09215,4.93E-07,9.32E-05,0.00363994,9.87E-05
3.09406,3.87E-07,8.63E-05,0.00354338,0.000228643
3.09598,3.42E-07,6.27E-05,0.00367117,9.78E-06
3.09789,3.66E-07,0.000117302,0.00364733,9.08E-05
3.09981,1.64E-07,7.15E-05,0.00382757,0.000119448
3.10174,9.98E-08,0.000103712,0.00397182,9.89E-05
3.10366,3.14E-08,0.000156164,0.00422025,0.000152826
3.10559,2.15E-07,7.82E-05,0.00454044,6.22E-05
3.10752,2.15E-07,0.00018096,0.00470376,8.39E-05
3.10945,1.63E-07,0.000102043,0.00489855,0.000100613
3.11139,2.98E-07,0.000121355,0.00507116,7.10E-05
3.11333,1.56E-07,0.000130653,0.00551271,6.22E-05
3.11526,7.65E-08,7.44E-05,0.00583959,0.000183582
3.11721,2.11E-07,5.94E-05,0.00608921,0.00020957
3.11915,8.46E-08,3.50E-05,0.00644302,8.25E-05
3.1211,8.33E-08,0.000148773,0.00705314,5.96E-05
3.12305,2.13E-07,0.00016284,0.00754762,0.000107288
3.125,6.44E-08,0.000121832,0.00817514,0.000130892
3.12695,1.45E-07,0.000197887,0.0087316,9.23E-05
3.12891,1.26E-07,5.36E-05,0.00952125,0.00011301
3.13087,1.99E-07,3.08E-05,0.0100901,0.000174522
3.13283,9.65E-08,6.41E-05,0.0112662,0.000158071
3.1348,1.56E-07,0.000106573,0.012145,0.000163555
3.13676,1.76E-07,0.000109911,0.0135512,1.84E-05
3.13873,2.83E-07,0.000103712,0.0147848,0.000115395
3.1407,6.93E-08,0.000117064,0.0162675,0.000102758
3.14268,1.11E-07,5.79E-05,0.0178838,5.13E-05
3.14465,1.34E-07,2.86E-05,0.0200837,0.000187635
3.14663,1.20E-07,0.000128269,0.0222387,2.05E-05
3.14861,1.10E-07,6.89E-05,0.0248327,2.05E-05
3.1506,1.71E-07,7.34E-05,0.0277917,7.56E-05
3.15259,1.73E-07,0.000104189,0.0313036,0.000154734
3.15457,1.05E-07,0.000101328,0.0353098,5.03E-05
3.15657,1.05E-07,7.27E-05,0.0398614,7.20E-05
3.15856,1.45E-07,0.000214815,0.0450525,0.000183105
3.16056,1.09E-07,0.000163555,0.0513139,9.30E-05
3.16256,1.35E-07,5.41E-05,0.0586095,2.24E-05
3.16456,1.22E-07,0.000173092,0.0669079,3.79E-05
3.16656,1.26E-07,0.000139475,0.0764895,9.56E-05
3.16857,1.09E-07,9.61E-05,0.0874972,0.000201941
3.17058,1.26E-07,5.34E-05,0.100346,0.000128508
3.17259,1.36E-07,5.67E-05,0.115176,0.000133991
3.1746,4.87E-08,4.98E-05,0.132822,0.000103951
3.17662,1.42E-07,2.07E-05,0.152965,0.000117779
3.17864,7.97E-08,0.000145912,0.176419,9.20E-05
3.18066,1.23E-08,8.65E-05,0.202869,0.000244379
3.18269,9.67E-08,2.81E-05,0.232942,2.88E-05
3.18471,5.47E-08,0.000104427,0.26663,7.89E-05
3.18674,1.24E-07,0.000160694,0.304328,8.96E-05
3.18878,9.85E-08,2.00E-05,0.346514,0.00016427
3.19081,6.37E-08,9.01E-05,0.39176,0.000226975
3.19285,6.78E-08,0.000305414,0.440715,0.000200033
3.19489,7.67E-08,3.81E-05,0.49065,0.000131607
3.19693,1.12E-07,0.000127554,0.54304,6.15E-05
3.19898,9.16E-08,9.25E-05,0.595515,8.51E-05
3.20102,7.18E-08,0.000138998,0.646355,0.00017643
3.20307,3.77E-08,0.000143051,0.69369,0.000221252
3.20513,4.15E-08,0.000132799,0.736929,0.000140905
3.20718,7.79E-08,0.000137329,0.776407,0.000178099
3.20924,1.13E-07,9.13E-05,0.810945,0.000124455
3.2113,1.13E-07,7.87E-05,0.840741,2.48E-05
3.21337,3.92E-08,0.000102758,0.865207,0.0002141
3.21543,7.44E-08,4.77E-05,0.882942,0.000130415
3.2175,3.04E-08,4.96E-05,0.895848,2.60E-05
3.21958,4.46E-08,0.000103951,0.907165,7.77E-05
3.22165,1.48E-07,6.77E-05,0.914134,7.72E-05
3.22373,6.81E-08,0.000268459,0.918469,1.81E-05
3.22581,6.16E-08,0.000149488,0.918946,0.0001719
3.22789,3.94E-08,4.41E-05,0.921683,0.000104189
3.22997,5.76E-08,0.00010109,0.921975,0.000122309
3.23206,5.78E-08,3.08E-05,0.922349,4.82E-05
3.23415,8.26E-08,0.000117302,0.920204,9.80E-05
3.23625,5.32E-08,7.03E-05,0.919714,2.91E-05
3.23834,6.97E-08,0.000170231,0.918919,3.46E-05
3.24044,4.89E-08,0.000181913,0.919387,4.32E-05
3.24254,7.44E-08,0.000163317,0.917863,0.000123739
3.24465,3.40E-08,0.00012064,0.919708,6.79E-05
3.24675,5.13E-08,7.82E-05,0.918676,0.000173092
3.24886,1.07E-07,0.0002141,0.920314,0.000126839
3.25098,5.79E-08,5.51E-05,0.921267,0.00011158
3.25309,1.97E-08,0.000157118,0.924305,9.89E-05
3.25521,3.77E-08,0.000188351,0.924901,0.000148058
3.25733,5.29E-08,5.36E-05,0.92679,7.30E-05
3.25945,3.57E-08,9.11E-05,0.927062,0.000181436
3.26158,3.37E-08,0.000128031,0.92867,9.54E-05
3.26371,3.59E-08,4.48E-05,0.930581,0.00012207
3.26584,5.98E-08,0.000162602,0.932568,0.000137329
3.26797,2.94E-08,0.000152826,0.933752,3.24E-05
3.27011,3.49E-08,4.67E-05,0.934407,0.000138998
3.27225,3.64E-08,8.37E-05,0.934966,0.000113249
3.27439,3.61E-08,0.000112057,0.935562,0.000109672
3.27654,1.18E-08,0.000148058,0.935877,0.000144958
3.27869,1.57E-08,5.84E-05,0.935577,0.000217199
3.28084,2.68E-08,6.20E-05,0.937084,8.27E-05
3.28299,3.53E-08,4.96E-05,0.935535,0.000114441
3.28515,4.47E-08,9.20E-05,0.935269,3.43E-05
3.28731,5.57E-08,0.000155926,0.933562,0.00024271
3.28947,2.43E-08,6.27E-05,0.934837,6.03E-05
3.29164,6.28E-08,3.50E-05,0.934186,7.01E-05
3.29381,2.13E-08,0.000239372,0.93382,3.27E-05
3.29598,2.39E-08,3.98E-05,0.930758,0.000132561
3.29815,1.47E-08,0.00019145,0.932153,0.000114679
3.30033,4.30E-08,0.000111103,0.930245,9.11E-05
3.30251,4.13E-08,9.47E-05,0.931608,0.00016284
3.30469,6.95E-08,0.000179052,0.929196,8.34E-05
3.30688,4.11E-08,2.74E-05,0.928553,0.000158548
3.30907,1.04E-08,6.89E-05,0.927891,0.000171185
3.31126,1.86E-08,0.000185251,0.927366,0.000225544
3.31345,4.45E-08,0.000117302,0.925955,0.000188828
3.31565,4.57E-08,0.000117779,0.925616,7.96E-05
3.31785,4.51E-08,0.000145197,0.924155,8.94E-05
3.32005,2.71E-08,8.85E-05,0.9242,0.000109434
3.32226,5.40E-08,6.79E-05,0.924963,6.91E-05
3.32447,4.85E-08,2.77E-05,0.926667,0.000133753
3.32668,3.95E-08,6.39E-05,0.926907,7.61E-05
3.32889,7.74E-08,2.29E-05,0.927095,8.99E-05
3.33111,5.66E-08,0.000167131,0.927768,8.94E-05
3.33333,5.28E-08,0.000146866,0.927881,8.27E-05
3.33556,7.89E-08,6.53E-05,0.927298,0.000141859
3.33778,4.82E-08,0.000113249,0.928207,0.000121832
3.34001,1.05E-07,7.68E-05,0.929544,3.34E-05
3.34225,4.63E-08,0.000114679,0.92875,7.63E-05
3.34448,9.06E-09,8.06E-05,0.931329,0.000104189
3.34672,2.68E-08,0.000133753,0.931714,4.70E-05
3.34896,4.33E-08,8.42E-05,0.933643,0.000134468
3.35121,1.83E-08,0.000132799,0.933482,0.000146627
3.35345,4.42E-08,0.000128031,0.934703,8.23E-05
3.3557,6.34E-08,6.01E-05,0.933673,0.000101566
3.35796,1.64E-08,0.000192165,0.936075,9.58E-05
3.36022,1.26E-07,0.000109672,0.935964,0.000148773
3.36247,6.32E-08,0.000132799,0.937671,0.000143051
3.36474,4.37E-08,0.000221491,0.937828,0.000196695
3.367,6.70E-08,1.24E-05,0.93953,8.77E-05
3.36927,6.54E-08,7.61E-05,0.93949,0.000128746
3.37154,2.39E-08,8.03E-05,0.940382,6.58E-05
3.37382,5.26E-08,6.56E-05,0.939342,9.51E-05
3.3761,7.28E-08,0.000112295,0.939697,9.35E-05
3.37838,4.38E-08,8.68E-05,0.939215,0.000178575
3.38066,2.74E-08,0.000121832,0.939933,8.96E-05
3.38295,2.88E-08,0.000171423,0.939316,7.15E-05
3.38524,6.58E-09,0.00019145,0.93844,1.62E-05
3.38753,2.43E-08,0.00017643,0.936932,0.000121117
3.38983,3.36E-08,0.000138283,0.937429,0.000155211
3.39213,5.43E-08,2.84E-05,0.935991,8.63E-05
3.39443,5.58E-08,0.000161648,0.934474,4.55E-05
3.39674,3.87E-08,7.10E-05,0.93386,3.89E-05
3.39905,9.23E-08,0.000109672,0.933919,5.32E-05
3.40136,6.38E-08,0.000179052,0.934497,3.34E-05
3.40368,2.79E-08,1.88E-05,0.932878,0.00010109
3.40599,1.54E-08,8.13E-05,0.932388,0.000111103
3.40832,4.90E-08,6.03E-05,0.930515,0.000110388
3.41064,3.70E-08,0.000138044,0.930335,0.000149727
3.41297,5.10E-08,0.000191927,0.926779,0.000123978
3.4153,2.16E-08,0.000196934,0.928042,0.000155926
3.41763,7.24E-08,9.78E-05,0.927017,2.81E-05
3.41997,2.34E-08,5.72E-06,0.927041,0.00020504
3.42231,3.30E-08,0.000144958,0.925245,9.27E-05
3.42466,3.44E-08,0.000231266,0.925419,0.000175238
3.427,4.50E-08,0.000150919,0.922434,3.58E-05
3.42936,5.51E-08,5.75E-05,0.922526,0.000151396
3.43171,4.34E-08,0.000227213,0.920628,0.000164747
3.43407,1.76E-08,7.37E-05,0.922238,0.000171423
3.43643,3.36E-08,9.75E-05,0.922019,8.87E-05
3.43879,3.01E-08,0.000190973,0.92312,0.000221014
3.44116,8.78E-08,0.000173569,0.922412,0.000129938
3.44353,3.34E-08,0.000140667,0.922376,3.15E-05
3.4459,4.67E-08,0.000127554,0.922568,3.41E-05
3.44828,4.63E-09,4.53E-05,0.92339,6.46E-05
3.45066,3.53E-08,5.10E-05,0.923071,0.00010109
3.45304,5.93E-08,6.22E-05,0.922723,8.56E-05
3.45543,7.24E-09,0.000166655,0.923598,0.000117064
3.45781,5.10E-08,0.000149965,0.924315,0.000216484
3.46021,2.70E-08,9.49E-05,0.92512,0.000279188
3.4626,2.43E-08,6.77E-05,0.925369,0.000120401
3.465,1.77E-08,9.39E-05,0.926424,6.03E-05
3.46741,1.03E-08,7.39E-05,0.926304,0.000190258
3.46981,1.03E-08,8.51E-05,0.927742,0.000207901
3.47222,4.00E-08,9.08E-05,0.927231,0.000101328
3.47464,3.64E-08,3.00E-05,0.928697,9.89E-05
3.47705,2.78E-08,9.94E-05,0.928282,6.41E-05
3.47947,1.43E-08,7.32E-05,0.928515,6.94E-05
3.48189,1.78E-08,0.000130177,0.928225,0.000171185
3.48432,4.98E-08,0.000152588,0.931308,0.000126839
3.48675,1.35E-08,9.58E-05,0.93055,0.000225544
3.48918,9.74E-09,8.56E-05,0.931965,0.000164747
3.49162,1.64E-08,0.000112295,0.931467,0.000199795
3.49406,2.44E-08,5.27E-05,0.933056,8.18E-05
3.4965,2.21E-08,4.24E-05,0.931511,0.000234604
3.49895,1.85E-08,7.25E-05,0.93317,0.00023365
3.5014,4.03E-08,2.24E-05,0.932156,0.000255585
3.50385,4.48E-08,5.25E-05,0.933175,3.29E-05
3.50631,3.59E-08,0.000141621,0.93295,8.08E-05
3.50877,7.67E-09,0.000206709,0.933402,0.000118494
3.51124,2.12E-08,0.000118017,0.93237,0.000125408
3.5137,1.96E-08,0.000114679,0.932794,0.000129938
3.51617,8.15E-09,0.00012207,0.933112,0.000180483
3.51865,3.31E-09,7.80E-05,0.933091,0.000160217
3.52113,5.44E-09,5.63E-05,0.932481,2.26E-05
3.52361,4.11E-08,3.79E-05,0.931611,0.000116825
3.52609,2.67E-08,3.72E-05,0.931829,8.25E-05
3.52858,1.43E-08,8.92E-05,0.931225,1.53E-05
3.53107,1.30E-08,0.000139237,0.931367,0.000113726
3.53357,4.02E-08,0.000146866,0.930309,7.18E-05
3.53607,5.08E-08,0.000119924,0.930468,2.36E-05
3.53857,1.37E-08,2.74E-05,0.928837,8.75E-05
3.54108,2.96E-08,8.25E-05,0.929125,0.000158071
3.54359,1.47E-08,3.81E-05,0.927485,0.000135422
3.5461,3.46E-08,5.72E-05,0.928169,4.15E-05
3.54862,8.42E-08,3.86E-05,0.926087,0.000256062
3.55114,7.70E-09,1.96E-05,0.926735,1.14E-05
3.55366,3.83E-08,3.29E-05,0.924653,4.70E-05
3.55619,1.17E-08,6.15E-05,0.925792,0.000101805
3.55872,1.34E-08,8.49E-05,0.923333,0.000124455
3.56125,3.58E-08,7.22E-05,0.924337,7.82E-05
3.56379,2.79E-08,0.000150919,0.922857,0.000117302
3.56633,4.97E-08,0.00011301,0.923206,0.000123739
3.56888,5.44E-08,0.000176907,0.922176,0.000157356
3.57143,2.11E-08,0.000170469,0.922241,2.60E-05
3.57398,3.03E-08,7.46E-05,0.920767,0.000134707
3.57654,1.57E-08,7.92E-05,0.921537,0.000110388
3.5791,1.79E-08,0.000156403,0.921272,8.94E-05
3.58166,5.67E-09,6.06E-05,0.921205,0.000167847
3.58423,5.32E-08,5.10E-05,0.920734,7.96E-05
3.5868,6.12E-08,0.000153065,0.921399,3.22E-05
3.58938,2.86E-08,0.000211716,0.922207,7.27E-05
3.59195,3.36E-08,0.000118017,0.922209,7.58E-05
3.59454,1.85E-08,5.36E-05,0.923026,0.000137806
3.59712,1.56E-08,1.38E-05,0.923312,7.25E-05
3.59971,2.60E-08,0.000144243,0.924458,0.000105381
3.60231,6.46E-09,0.000165462,0.923587,0.000141621
3.6049,1.77E-08,7.75E-05,0.925046,0.000107765
3.6075,1.97E-08,5.96E-05,0.925553,9.56E-05
3.61011,1.99E-08,0.000104427,0.927519,0.000178814
3.61272,4.59E-08,5.72E-05,0.927259,4.77E-05
3.61533,2.11E-08,0.000146627,0.929243,4.27E-05
3.61795,3.65E-08,6.20E-05,0.929186,8.23E-05
3.62056,2.17E-08,0.000130177,0.931319,0.0001688
3.62319,2.93E-08,0.000141859,0.931036,0.000149012
3.62582,1.83E-08,6.65E-05,0.933156,0.000124455
3.62845,6.18E-08,9.35E-05,0.932827,0.000165701
3.63108,2.95E-08,9.61E-05,0.935527,0.000131369
3.63372,5.21E-08,7.77E-05,0.935068,5.46E-05
3.63636,3.47E-08,7.89E-05,0.936368,5.01E-05
3.63901,4.19E-08,0.000104666,0.93617,5.77E-05
3.64166,3.74E-08,6.01E-05,0.938059,0.000141859
3.64431,7.34E-08,0.000110865,0.938573,2.36E-05
3.64697,4.61E-08,0.000137329,0.939709,0.000100374
3.64964,6.33E-08,0.000148535,0.93988,9.42E-05
3.6523,5.19E-08,8.32E-05,0.939998,6.27E-05
3.65497,2.70E-08,0.000104427,0.94011,0.000100851
3.65764,1.96E-08,0.000102043,0.940587,7.27E-05
3.66032,1.36E-08,0.000117779,0.940885,9.89E-05
3.663,3.67E-08,0.000161409,0.940585,0.00012517
3.66569,6.62E-08,0.000259876,0.939915,6.89E-05
3.66838,7.48E-08,0.000171423,0.938672,0.00010705
3.67107,3.06E-08,9.44E-05,0.93903,0.000109434
3.67377,7.85E-08,0.000108004,0.937852,0.000199556
3.67647,1.13E-07,6.82E-05,0.937917,7.51E-05
3.67918,4.42E-08,0.000130653,0.936105,6.68E-06
3.68189,5.03E-08,0.000154972,0.936005,0.000137091
3.6846,6.21E-08,0.000122547,0.933661,0.000106811
3.68732,4.50E-08,6.13E-05,0.933678,5.58E-05
3.69004,8.15E-08,0.00011158,0.930873,0.000151873
3.69276,3.86E-08,0.00019002,0.931034,4.70E-05
3.69549,4.94E-08,9.94E-05,0.927961,8.18E-05
3.69822,4.69E-08,0.000246286,0.927815,0.000232935
3.70096,6.86E-08,0.000114679,0.92528,7.80E-05
3.7037,1.09E-07,6.25E-05,0.925085,0.00012517
3.70645,5.72E-08,0.000247717,0.922289,0.000177383
3.7092,5.08E-08,6.99E-05,0.92209,0.000211716
3.71195,6.75E-08,5.22E-05,0.92012,8.68E-05
3.71471,1.00E-07,0.000120401,0.919756,5.75E-05
3.71747,9.46E-08,0.00017643,0.917933,6.48E-05
3.72024,9.02E-08,5.17E-05,0.917613,1.86E-05
3.72301,6.90E-08,9.11E-05,0.916242,5.75E-05
3.72578,1.65E-07,0.000127792,0.915813,6.68E-05
3.72856,9.28E-08,0.000168562,0.914763,0.000120878
3.73134,6.24E-08,0.000119448,0.914014,0.000153303
3.73413,1.39E-07,4.53E-05,0.913402,2.67E-05
3.73692,1.10E-07,9.27E-05,0.912757,0.000130892
3.73972,8.47E-08,0.000132561,0.911949,9.92E-05
3.74251,1.04E-07,9.85E-05,0.910474,7.18E-05
3.74532,4.06E-08,6.53E-05,0.909624,9.04E-05
3.74813,4.87E-08,0.000127077,0.906503,0.000177622
3.75094,1.52E-07,6.29E-05,0.903579,6.10E-05
3.75375,9.38E-08,6.34E-05,0.898389,0.000150442
3.75657,6.56E-08,2.24E-05,0.893606,0.000121117
3.7594,2.22E-07,9.78E-05,0.884823,8.96E-05
3.76223,1.18E-07,0.000115395,0.876159,0.000174284
3.76506,1.36E-07,0.000159502,0.863052,0.000160217
3.7679,7.21E-08,2.36E-05,0.849638,3.29E-05
3.77074,1.43E-07,6.96E-05,0.830408,7.80E-05
3.77358,1.48E-07,7.99E-05,0.810358,0.000155449
3.77644,1.72E-07,0.000145435,0.784773,-4.77E-07
3.77929,7.67E-08,0.00013566,0.757942,6.91E-05
3.78215,6.11E-08,6.91E-05,0.7256,0.000157595
3.78501,6.80E-08,0.000176191,0.692032,0.000215054
3.78788,1.37E-07,9.87E-05,0.654269,0.000161648
3.79075,3.43E-08,5.15E-05,0.615479,0.00018549
3.79363,6.30E-08,6.77E-05,0.57444,0.00015378
3.79651,1.44E-07,9.87E-05,0.533411,0.000151157
3.79939,1.41E-07,0.000151634,0.491468,3.98E-05
3.80228,1.29E-07,4.96E-05,0.450241,6.53E-05
3.80518,1.20E-07,6.82E-05,0.410215,0.000100613
3.80807,5.08E-08,9.25E-05,0.371899,7.89E-05
3.81098,1.89E-07,9.94E-05,0.335394,2.48E-05
3.81388,2.55E-07,0.00017333,0.301191,0.000111818
3.81679,6.59E-08,0.000131369,0.269683,0.000121117
3.81971,9.04E-08,8.13E-05,0.240773,0.000126123
3.82263,6.36E-08,8.94E-05,0.214541,0.000119209
3.82555,1.34E-07,0.000132561,0.190484,7.13E-05
3.82848,6.45E-08,6.20E-05,0.169015,0.000214815
3.83142,6.56E-08,4.03E-05,0.149827,0.000183105
3.83436,5.08E-08,3.41E-05,0.132494,8.37E-05
3.8373,1.21E-07,4.20E-05,0.117145,0.00022769
3.84025,7.60E-08,5.39E-05,0.103844,0.00013423
3.8432,9.09E-08,0.000250578,0.0915825,0.000101805
3.84615,2.74E-08,5.63E-05,0.081001,0.000257254
3.84911,1.26E-07,0.000137567,0.071492,0.00010848
3.85208,5.86E-08,8.44E-05,0.0633302,0.000121832
3.85505,2.27E-08,0.000105381,0.055959,0.000222921
3.85802,7.16E-08,0.000108004,0.0494764,0.000207424
3.861,7.25E-08,8.25E-05,0.043674,8.06E-05
3.86399,6.10E-08,9.68E-05,0.0386024,0.000149727
3.86698,6.00E-08,0.000128031,0.0340512,0.000198364
3.86997,3.70E-08,0.000140667,0.0300536,0.000112772
3.87297,4.14E-08,7.10E-05,0.0265405,0.000107765
3.87597,3.98E-08,9.44E-05,0.0234788,6.68E-05
3.87898,1.81E-08,0.00013566,0.0208454,0.00014329
3.88199,2.74E-08,4.32E-05,0.0184088,0.000121117
3.885,3.99E-08,0.000128746,0.0161228,0.00020504
3.88802,2.22E-08,5.60E-05,0.014158,0.000197887
3.89105,4.77E-08,8.61E-05,0.0123668,9.87E-05
3.89408,7.55E-08,0.000115156,0.0108354,0.000180006
3.89712,5.85E-08,0.000136614,0.00944018,0.000179291
3.90016,2.61E-08,0.000125885,0.00825095,0.000110626
3.9032,7.04E-08,6.63E-05,0.00721598,0.00013113
3.90625,8.94E-08,3.19E-05,0.00630403,0.000158787
3.9093,7.26E-09,0.000109911,0.00532269,0.000140905
3.91236,7.85E-08,0.000230312,0.00468755,8.73E-05
3.91543,4.91E-08,0.000125408,0.00382352,0.000160694
3.9185,1.78E-08,7.89E-05,0.00340962,0.000154734
3.92157,2.20E-09,0.000145435,0.00293064,4.05E-05
3.92465,2.03E-08,4.41E-05,0.00240946,0.000240326
3.92773,2.73E-08,7.72E-05,0.00178313,0.00011301
3.93082,2.12E-08,2.62E-05,0.00182629,0.00025177
3.93391,3.62E-09,0.000238657,0.00121212,0.000198364
3.93701,3.79E-08,0.000102282,0.00120258,1.65E-05
3.94011,3.57E-08,3.98E-05,0.000939846,9.49E-05
3.94322,9.86E-09,0.000116825,0.00070405,0.000165939
3.94633,3.05E-08,0.000134707,0.000703812,9.08E-05
3.94945,6.38E-08,1.81E-05,0.000838041,9.73E-05
3.95257,2.17E-08,6.10E-05,0.00087738,9.54E-05
3.9557,1.20E-08,0.000114202,0.000882149,9.35E-05
3.95883,1.79E-08,5.48E-05,0.000982046,0.000149488
3.96197,5.31E-08,9.89E-05,0.00106287,0.000108719
3.96511,1.95E-08,5.48E-05,0.00103331,0.000115633
3.96825,9.33E-09,9.97E-05,0.00117493,5.36E-05
3.97141,1.09E-08,0.000122547,0.00129366,9.35E-05
3.97456,6.35E-09,9.20E-05,0.00115562,0.000161409
3.97772,1.25E-08,0.000172138,0.00138402,0.000221968
3.98089,9.48E-09,0.000124455,0.00148249,9.78E-05
3.98406,2.36E-08,9.32E-05,0.00157309,6.22E-05
3.98724,1.81E-08,9.89E-05,0.0015049,6.65E-05
3.99042,4.31E-08,4.51E-05,0.00159574,0.000116587
3.99361,9.37E-09,7.44E-05,0.00172663,0.000144005
3.9968,1.68E-08,0.000115156,0.00175214,0.000116348
4,1.55E-08,8.73E-05,0.00178504,8.49E-05
4.0032,4.22E-09,4.43E-05,0.00158048,0.000119448
4.00641,1.11E-08,5.72E-05,0.00182176,0.00015068
4.00962,2.23E-08,0.000172138,0.0016377,0.00014925
4.01284,1.02E-08,3.84E-05,0.0017848,6.34E-05
4.01606,3.14E-09,6.25E-05,0.00164413,0.000165939
4.01929,1.13E-08,0.000119686,0.00195694,0.000108957
4.02253,1.46E-09,6.06E-05,0.00183916,0.000208616
4.02576,1.55E-08,4.36E-05,0.00195098,0.000170946
4.02901,1.88E-08,9.94E-05,0.00175953,6.79E-05
4.03226,2.82E-08,7.03E-05,0.0018723,7.46E-05
4.03551,1.27E-08,6.65E-05,0.0016377,7.03E-05
4.03877,2.16E-08,0.000105858,0.00178289,0.000118732
4.04204,1.82E-08,8.46E-05,0.00169444,0.000118732
4.04531,1.56E-08,5.98E-05,0.00159168,0.000166655
4.04858,1.51E-08,7.84E-05,0.00164866,3.74E-05
4.05186,9.22E-09,9.85E-05,0.00172019,5.32E-05
4.05515,2.02E-08,4.77E-05,0.00169134,0.000119686
4.05844,2.38E-08,1.07E-05,0.00164056,0.000206709
4.06174,1.33E-08,7.34E-05,0.00159097,0.000185966
4.06504,1.82E-08,0.000176191,0.00149083,0.000116587
4.06835,1.59E-08,7.58E-05,0.00143004,0.000158071
4.07166,1.47E-08,4.03E-05,0.00119424,0.000170469
4.07498,1.40E-08,6.01E-05,0.00128079,0.000174761
4.0783,1.14E-08,5.22E-05,0.00107074,0.000218868
4.08163,2.72E-09,5.41E-05,0.00108171,0.000151873
4.08497,1.88E-08,0.000121832,0.00112224,0.000114202
4.08831,1.03E-08,8.58E-05,0.000981569,8.18E-05
4.09165,1.96E-08,1.43E-05,0.00104713,7.87E-05
4.095,3.99E-09,0.000124931,0.0008533,0.000119448
4.09836,1.23E-08,0.000118732,0.000834703,0.000172854
4.10172,1.74E-08,0.000146627,0.000782251,0.000181675
4.10509,1.53E-08,4.55E-05,0.000670672,0.000109196
4.10846,1.57E-08,9.78E-05,0.000543833,0.00016737
4.11184,1.17E-08,0.000141382,0.000549555,0.000131369
4.11523,4.81E-09,6.06E-05,0.000564337,0.00019455
4.11862,4.98E-09,0.00014472,0.000425816,0.000181436
4.12201,2.34E-08,0.000152826,0.000617981,8.75E-05
4.12541,6.29E-09,0.000183105,0.000418425,0.000150442
4.12882,1.15E-08,0.00020051,0.000544071,8.68E-05
4.13223,2.16E-08,6.51E-05,0.000470161,9.20E-05
4.13565,1.76E-08,0.000114918,0.000426531,0.000180244
4.13907,5.41E-09,0.000159502,0.000541687,0.000157833
4.1425,1.64E-08,8.18E-05,0.000430107,0.00026083
4.14594,2.22E-08,1.84E-05,0.000304461,0.000259638
4.14938,2.49E-08,5.32E-05,0.000411272,0.000249624
4.15282,1.92E-08,7.99E-05,0.00032711,0.000251055
4.15628,1.91E-09,7.63E-05,0.000407219,0.000213385
4.15973,3.43E-09,0.000102758,0.000394583,0.000223875
4.1632,8.30E-09,6.99E-05,0.000404358,0.000230789
4.16667,7.65E-09,0.000103235,0.000359774,0.000310898
4.17014,9.97E-09,8.54E-05,0.000242233,0.000272751
4.17362,1.49E-08,4.01E-05,0.000431776,0.000259161
4.17711,6.53E-09,3.27E-05,0.000400305,0.000375271
4.1806,1.82E-09,0.000106335,0.000397444,0.000324965
4.1841,1.29E-08,7.41E-05,0.000413656,0.000453949
4.1876,4.15E-09,5.17E-05,0.000451803,0.000408173
4.19111,3.56E-08,7.92E-05,0.000285625,0.00048399
4.19463,6.00E-09,0.000102758,0.000426292,0.000711679
4.19815,6.58E-09,3.93E-05,0.000491381,0.000771046
4.20168,6.79E-09,4.36E-05,0.000455141,0.000901699
4.20521,1.58E-08,0.000116587,0.000440121,0.000955582
4.20875,4.16E-08,0.000202894,0.000661373,0.0013628
4.2123,5.14E-08,5.63E-05,0.000420094,0.00160718
4.21585,2.24E-08,0.000105858,0.000661373,0.00173879
4.21941,7.38E-08,9.54E-06,0.000832796,0.00210452
4.22297,7.04E-08,0.000187874,0.000754833,0.00284171
4.22654,8.48E-08,0.00043726,0.000597,0.00283551
4.23012,1.26E-07,0.000306606,0.000496626,0.00365233
4.2337,5.22E-07,0.000258446,0.000597715,0.00317812
4.23729,6.36E-09,0.000314474,0.000267744,0.00353265
4.24088,7.41E-08,0.000339747,0.00120091,0.00355411
4.24448,1.84E-07,0.000266075,0.00111365,0.00320363
4.24809,4.11E-08,0.000171423,0.000279188,0.00292587
4.2517,4.27E-08,9.78E-05,0.000291348,0.00238609
4.25532,2.49E-08,0.000146627,0.000225306,0.0019083
4.25894,1.50E-08,0.000320435,0.000179768,0.00171924
4.26257,4.17E-08,0.000240088,0.000419855,0.00211549
4.26621,2.17E-08,7.32E-05,0.00025773,0.00239205
4.26985,6.45E-08,0.000245333,0.000460625,0.00228214
4.2735,6.06E-08,0.000109911,0.000260353,0.00268221
4.27716,1.75E-08,0.000233889,0.000136137,0.00245524
4.28082,5.03E-08,8.13E-05,9.06E-05,0.00254416
4.28449,4.27E-08,0.000225067,0.000268698,0.00240254
4.28816,6.26E-08,0.000322342,0.000178099,0.00265455
4.29185,1.41E-08,0.000142097,5.96E-05,0.00237513
4.29553,1.03E-07,0.000119924,0.000166893,0.00207949
4.29923,1.87E-09,3.31E-05,0.000329495,0.00221157
4.30293,4.02E-08,3.91E-05,5.75E-05,0.00204015
4.30663,3.99E-08,0.000214577,0.000407219,0.00191975
4.31034,1.39E-08,0.000204563,0.00021553,0.00194693
4.31406,1.61E-08,0.000168085,0.000244617,0.00172996
4.31779,1.76E-08,0.000133514,2.22E-05,0.00168967
4.32152,3.38E-08,4.48E-05,0.000127077,0.00171757
4.32526,3.97E-08,0.000102282,0.000102282,0.00165749
4.329,3.71E-08,4.43E-05,5.53E-05,0.00167656
4.33276,1.67E-08,9.32E-05,0.000155449,0.00154853
4.33651,1.50E-08,2.91E-05,0.000141859,0.00155091
4.34028,3.37E-08,0.000115633,0.000119924,0.00155091
4.34405,2.92E-08,0.000106096,0.000109434,0.0015564
4.34783,7.51E-09,6.99E-05,0.000155687,0.00159287
4.35161,1.04E-08,0.000229835,0.000155449,0.00163555
4.3554,7.48E-09,0.000149727,0.000108242,0.00179601
4.3592,1.04E-08,4.77E-07,1.53E-05,0.00168967
4.363,2.67E-08,0.000123739,0.000138521,0.00166392
4.36681,2.01E-08,8.85E-05,6.37E-05,0.00178122
4.37063,3.02E-08,8.42E-05,0.000321388,0.00179863
4.37445,1.33E-08,0.000144958,0.000142574,0.00195813
4.37828,9.62E-09,0.000190973,0.000133514,0.00204754
4.38212,1.80E-08,0.000102758,0.000153303,0.00218797
4.38596,4.86E-09,0.000121832,7.01E-05,0.00214672
4.38982,2.89E-08,9.13E-05,8.27E-05,0.00236678
4.39367,9.89E-09,5.67E-05,0.0001688,0.00259995
4.39754,9.99E-09,0.000179529,0.00013876,0.00273395
4.40141,4.15E-08,0.00023818,0.000215769,0.00294566
4.40529,2.79E-08,4.32E-05,0.000178337,0.00306511
4.40917,2.40E-08,0.000136852,5.25E-05,0.00348091
4.41306,5.42E-08,8.96E-05,0.00014472,0.00377083
4.41696,2.15E-08,3.29E-05,0.000132322,0.00418687
4.42087,8.41E-09,0.000156879,0.000344992,0.00453472
4.42478,2.55E-08,0.000173807,0.000219584,0.00519204
4.4287,2.23E-08,3.74E-05,5.75E-05,0.00574422
4.43262,3.28E-08,6.58E-05,8.77E-05,0.00648737
4.43656,2.67E-08,0.000118256,9.25E-05,0.00729394
4.4405,4.19E-08,5.25E-05,0.000120878,0.00836039
4.44444,4.75E-08,7.58E-05,0.000198126,0.00952697
4.4484,2.75E-08,9.85E-05,9.68E-05,0.0109186
4.45236,6.58E-08,0.000191212,0.000144482,0.0124409
4.45633,5.98E-08,0.000127316,0.0001688,0.014421
4.4603,3.54E-08,6.53E-05,0.000192642,0.0168798
4.46429,4.96E-08,7.49E-05,0.000193834,0.0196257
4.46828,3.29E-08,9.94E-05,0.000189304,0.0231328
4.47227,3.53E-08,0.000163317,0.000129461,0.0271232
4.47628,5.18E-08,7.06E-05,0.000131369,0.0320613
4.48029,4.31E-08,9.54E-06,7.49E-05,0.0379908
4.4843,6.05E-08,0.000191689,6.53E-05,0.0450649
4.48833,5.83E-08,9.44E-05,0.000231743,0.0534713
4.49236,9.31E-08,7.80E-05,0.000169277,0.0641689
4.4964,1.71E-08,0.000128508,7.01E-05,0.0763762
4.50045,1.21E-08,0.000113726,0.000124693,0.0914092
4.5045,3.87E-08,6.22E-05,3.17E-05,0.109019
4.50857,2.79E-08,0.000175714,8.82E-05,0.1306
4.51264,6.06E-08,2.74E-05,0.00020957,0.1551
4.51671,1.57E-08,0.00010109,5.94E-05,0.184509
4.5208,1.98E-08,0.00022459,8.32E-05,0.2176
4.52489,4.04E-08,7.06E-05,0.000113964,0.255887
4.52899,5.43E-08,7.53E-05,3.34E-05,0.297699
4.53309,4.21E-08,7.80E-05,0.000136852,0.344061
4.53721,3.94E-08,5.08E-05,9.89E-05,0.392298
4.54133,2.27E-08,6.70E-05,9.11E-05,0.442824
4.54545,5.36E-08,0.000107765,0.000148535,0.492811
4.54959,2.64E-08,0.000104189,0.000162602,0.542269
4.55373,3.52E-08,7.61E-05,0.000112057,0.588044
4.55789,5.22E-08,5.25E-05,0.000117302,0.63042
4.56204,4.47E-08,7.06E-05,4.24E-05,0.667872
4.56621,5.13E-08,8.37E-05,7.68E-05,0.700045
4.57038,4.64E-08,2.93E-05,7.96E-05,0.727215
4.57457,7.37E-10,0.000130415,6.65E-05,0.749059
4.57875,2.66E-08,0.000142097,0.000226736,0.767256
4.58295,4.16E-08,7.53E-05,0.000118017,0.780405
4.58716,7.63E-08,0.000171185,2.98E-05,0.792135
4.59137,7.53E-08,0.000198841,9.47E-05,0.799777
4.59559,5.89E-08,0.000107288,0.000137329,0.806933
4.59982,1.94E-08,0.000134468,0.000124455,0.810751
4.60405,3.03E-08,0.00010848,3.48E-05,0.815771
4.60829,8.98E-08,0.000128269,0.000180721,0.817595
4.61255,5.74E-08,9.78E-05,0.000167131,0.820901
4.61681,2.20E-08,8.92E-05,0.000105381,0.821176
4.62107,8.41E-08,0.000143528,0.000144243,0.823977
4.62535,6.63E-08,0.000120401,0.000127792,0.823449
4.62963,1.33E-08,0.00010252,5.94E-05,0.825899
4.63392,7.32E-08,8.68E-05,0.00024271,0.825341
4.63822,9.59E-08,0.000157833,3.60E-05,0.8272
4.64253,8.86E-08,5.39E-05,0.000100136,0.826723
4.64684,1.26E-07,5.82E-05,0.000117064,0.82822
4.65116,6.63E-08,4.79E-05,0.000144005,0.82788
4.65549,7.23E-08,8.34E-05,0.000103712,0.829028
4.65983,8.64E-08,8.92E-05,4.84E-05,0.829108
4.66418,7.90E-08,3.84E-05,0.000103235,0.830227
4.66853,4.86E-08,8.46E-05,0.000125408,0.830306
4.6729,6.15E-08,6.34E-05,0.000117064,0.831415
4.67727,9.43E-08,3.00E-05,0.000158071,0.832288
4.68165,3.17E-08,7.77E-05,0.000134468,0.833089
4.68604,3.98E-08,0.000118256,3.36E-05,0.834172
4.69043,8.12E-08,4.43E-05,4.01E-05,0.835043
4.69484,6.60E-08,4.08E-05,7.39E-05,0.836901
4.69925,8.16E-08,0.000106811,0.000250101,0.837833
4.70367,8.49E-08,0.000105619,0.000168323,0.839984
4.7081,2.31E-08,0.000143528,0.000118494,0.840764
4.71254,7.55E-08,5.77E-05,9.32E-05,0.843495
4.71698,2.25E-07,7.51E-05,0.000124931,0.844186
4.72144,5.19E-08,2.86E-05,0.000148296,0.847266
4.7259,4.84E-09,0.000155449,0.000125885,0.84796
4.73037,1.64E-07,0.000121832,0.000102043,0.851403
4.73485,1.51E-07,5.51E-05,0.000114679,0.852231
4.73934,1.03E-07,0.000151634,8.61E-05,0.85591
4.74383,1.06E-08,7.46E-05,0.000152826,0.856723
4.74834,8.91E-08,0.000189066,0.000118017,0.860413
4.75285,7.44E-08,0.000119448,1.38E-05,0.861228
4.75737,7.87E-08,8.06E-05,8.99E-05,0.864835
4.7619,4.41E-08,8.77E-05,0.000226498,0.865826
4.76644,1.65E-08,0.000141382,3.24E-05,0.869352
4.77099,8.95E-08,0.000153303,0.000131845,0.870545
4.77555,6.33E-08,0.000169754,0.000137329,0.873187
4.78011,3.29E-08,0.000145674,8.96E-05,0.87458
4.78469,5.94E-08,0.000134707,7.96E-05,0.877108
4.78927,1.09E-07,0.000128746,0.000115395,0.878565
4.79386,8.56E-08,7.15E-05,0.000209808,0.880579
4.79846,1.12E-07,0.000119686,0.000115633,0.882404
4.80307,1.12E-07,0.000129461,1.55E-05,0.884132
4.80769,3.24E-08,0.000113964,0.000146627,0.885627
4.81232,5.11E-08,7.89E-05,0.000164747,0.886797
4.81696,4.52E-08,5.17E-05,3.00E-05,0.888772
4.8216,9.11E-08,5.44E-05,0.00014925,0.889754
4.82625,1.47E-07,7.03E-05,0.000166893,0.891348
4.83092,1.64E-07,4.27E-05,7.77E-05,0.892215
4.83559,7.33E-08,0.000147819,2.81E-05,0.894281
4.84027,1.34E-07,9.51E-05,6.75E-05,0.894244
4.84496,1.25E-07,1.84E-05,6.37E-05,0.896351
4.84966,1.53E-07,9.56E-05,8.25E-05,0.896149
4.85437,1.15E-07,7.82E-05,2.24E-05,0.898462
4.85909,7.47E-08,0.000140667,0.000102282,0.897854
4.86381,8.39E-09,3.60E-05,0.000109911,0.900315
4.86855,2.08E-07,0.00015068,0.000107765,0.89925
4.87329,1.89E-07,0.000109196,0.000119448,0.900961
4.87805,9.56E-08,0.000153542,9.51E-05,0.900418
4.88281,3.46E-08,0.000189304,0.000114679,0.901808
4.88759,7.70E-08,0.000153303,0.000163317,0.900589
4.89237,1.51E-07,7.72E-05,7.99E-05,0.901171
4.89716,2.52E-07,9.89E-05,2.00E-05,0.900028
4.90196,5.27E-08,0.000166655,2.00E-05,0.900008
4.90677,7.16E-08,5.22E-05,9.51E-05,0.898602
4.91159,1.46E-07,8.80E-05,0.000114679,0.897736
4.91642,1.60E-07,0.000110388,8.92E-05,0.895916
4.92126,3.47E-08,8.94E-05,0.000131845,0.894212
4.92611,1.24E-07,7.41E-05,0.000112295,0.89205
4.93097,1.55E-07,0.000188112,0.000190258,0.889586
4.93583,9.32E-08,0.000237227,0.000159264,0.886755
4.94071,1.94E-07,9.49E-05,0.000225306,0.88349
4.9456,1.08E-07,0.000150919,0.000161171,0.879929
4.9505,6.40E-08,0.000136614,0.000149012,0.875606
4.9554,2.24E-07,2.00E-05,0.000255823,0.872245
4.96032,1.77E-07,0.000125647,7.53E-05,0.866333
4.96524,1.19E-07,0.000145435,2.84E-05,0.862025
4.97018,1.78E-07,1.98E-05,0.000194073,0.856474
4.97512,6.14E-08,0.000102758,7.01E-05,0.852023
4.98008,1.77E-07,1.50E-05,5.41E-05,0.845664
4.98504,1.60E-07,0.000148296,3.86E-05,0.840722
4.99002,1.31E-07,5.20E-05,5.87E-05,0.834142
4.995,4.01E-08,1.55E-05,0.000100851,0.828767
5,1.49E-07,1.93E-05,1.93E-05,0.822491
5.00501,1.61E-07,6.91E-05,0.000189543,0.817321
5.01002,4.45E-08,5.79E-05,7.61E-05,0.811781
5.01505,1.26E-07,0.000107527,9.06E-05,0.807555
5.02008,6.72E-08,4.70E-05,1.84E-05,0.803032
5.02513,1.32E-07,8.68E-05,9.32E-05,0.798712
5.03018,-8.71E-09,0.000121593,0.000145674,0.795749
5.03525,3.92E-08,0.00013876,8.27E-05,0.793336
5.04032,3.11E-08,6.03E-05,0.000183821,0.791963
5.04541,1.07E-07,0.000157118,0.000123739,0.791531
5.05051,1.30E-07,0.000202656,0.000100374,0.792135
5.05561,3.46E-08,8.01E-05,0.000140905,0.794236
5.06073,3.77E-08,6.72E-05,0.000157833,0.797058
5.06586,2.05E-08,9.75E-05,0.000122309,0.801705
5.07099,4.08E-08,0.000144005,7.77E-05,0.808072
5.07614,6.22E-08,5.91E-05,4.89E-05,0.815265
5.0813,7.18E-08,8.89E-05,0.000135183,0.823616
5.08647,5.76E-08,7.10E-05,0.000148535,0.832853
5.09165,5.47E-08,1.26E-05,0.000107527,0.842308
5.09684,4.12E-08,4.51E-05,5.91E-05,0.851308
5.10204,1.41E-08,0.000142097,0.000117064,0.858601
5.10725,2.55E-08,9.68E-05,0.000100613,0.862336
5.11247,5.13E-08,3.43E-05,3.93E-05,0.861371
5.11771,5.35E-08,9.78E-06,0.000195026,0.85292
5.12295,1.33E-08,6.44E-05,0.00017333,0.835655
5.12821,5.21E-08,9.42E-05,0.000214338,0.806866
5.13347,1.27E-08,0.000112295,6.48E-05,0.766437
5.13875,1.77E-08,2.36E-05,7.77E-05,0.714486
5.14403,1.50E-08,3.19E-05,9.37E-05,0.654024
5.14933,2.19E-08,1.74E-05,0.000250101,0.583771
5.15464,1.27E-09,4.89E-05,9.85E-05,0.512468
5.15996,3.78E-09,0.000126839,8.89E-05,0.443761
5.16529,8.46E-09,4.17E-05,0.000112057,0.377033
5.17063,2.84E-08,6.79E-05,0.000147104,0.317584
5.17598,9.01E-09,0.000115156,0.000140905,0.264787
5.18135,2.48E-09,0.000114441,0.000108004,0.219531
5.18672,1.53E-08,8.11E-05,3.41E-05,0.181834
5.19211,1.18E-08,8.73E-05,3.84E-05,0.149174
5.19751,7.16E-10,0.000148058,3.67E-05,0.125067
5.20291,9.02E-10,9.92E-05,5.01E-05,0.100627
5.20833,3.54E-09,8.58E-05,0.000131607,0.0848017
5.21376,1.97E-08,0.000166655,0.000112772,0.0695746
5.21921,1.28E-08,0.000126123,5.41E-05,0.0571208
5.22466,1.90E-09,8.65E-05,0.000119924,0.0483515
5.23013,1.35E-08,4.72E-05,0.000121117,0.0401175
5.2356,3.37E-09,9.08E-05,0.00010252,0.0336158
5.24109,1.45E-08,3.89E-05,0.000160694,0.0279913
5.24659,1.12E-08,1.10E-05,4.27E-05,0.023634
5.2521,1.72E-08,0.000101805,0.000186205,0.0200574
5.25762,8.90E-09,0.000184298,5.82E-05,0.0168276
5.26316,2.53E-08,9.35E-05,9.18E-05,0.0142834
5.2687,5.74E-09,7.53E-05,0.000212192,0.0118682
5.27426,4.94E-10,0.00017333,2.29E-05,0.010345
5.27983,6.44E-09,0.000133038,9.66E-05,0.00830388
5.28541,9.80E-09,0.000109672,0.000184298,0.00745892
5.29101,1.41E-08,5.94E-05,0.000233889,0.00583148
5.29661,8.45E-09,3.05E-05,4.29E-05,0.00516987
5.30223,7.65E-09,1.76E-05,0.000110865,0.0042994
5.30786,7.27E-09,0.000107765,0.000159025,0.00373983
5.3135,7.24E-09,6.29E-05,0.000282764,0.00311327
5.31915,1.01E-08,4.46E-05,6.96E-05,0.00267291
5.32481,3.95E-09,9.37E-05,0.000115395,0.0021534
5.33049,1.44E-08,0.000152111,0.000149727,0.00179243
5.33618,1.63E-09,0.000100374,5.56E-05,0.00144625
5.34188,1.07E-09,6.77E-05,0.000134468,0.00114417
5.34759,6.43E-09,9.06E-05,0.000187874,0.000705481
5.35332,2.29E-08,0.000252485,0.000191212,0.000169277
5.35906,6.72E-09,9.87E-05,6.48E-05,0.000419378
5.36481,5.46E-09,0.000123978,0.000123978,0.000417948
5.37057,6.74E-09,0.000174522,0.000206709,0.0002563
5.37634,5.48E-09,0.000150442,0.000102997,0.000238657
5.38213,1.44E-08,0.000144958,0.000151396,0.000129223
5.38793,5.67E-09,8.92E-05,0.000217915,0.000361443
5.39374,3.77E-09,6.77E-05,0.000162602,0.000281572
5.39957,6.04E-09,8.56E-05,-1.19E-06,0.000430584
5.40541,1.59E-09,0.000119448,0.000177383,0.000475168
5.41126,4.01E-09,5.91E-05,0.000118256,0.000784397
5.41712,2.75E-08,0.000188828,9.82E-05,0.00067234
5.42299,2.30E-08,0.000146627,0.000209093,0.00146961
5.42888,1.80E-09,6.37E-05,0.000133514,0.000606775
5.43478,1.62E-08,8.18E-05,0.000104904,0.000857592
5.4407,8.07E-09,0.000122547,5.34E-05,0.000852585
5.44662,1.79E-09,1.91E-05,6.15E-05,0.000756979
5.45256,9.83E-09,0.000124455,0.000138044,0.000739813
5.45852,1.55E-09,0.000202894,0.000116348,0.000865459
5.46448,1.95E-08,8.92E-05,0.000316143,0.00107622
5.47046,2.96E-09,0.00013423,0.000178099,0.000816345
5.47645,1.17E-09,9.47E-05,0.000140905,0.000808716
5.48246,1.57E-08,0.000121832,6.53E-05,0.00109816
5.48847,1.56E-08,0.000125408,8.13E-05,0.00084734
5.49451,1.84E-08,0.000100613,0.000208616,0.000923395
5.50055,5.70E-09,0.000123501,0.000195742,0.000910997
5.50661,1.18E-09,7.37E-05,8.73E-05,0.000983477
5.51268,7.28E-09,5.75E-05,2.84E-05,0.000786304
5.51876,3.47E-08,1.31E-05,9.13E-05,0.000900984
5.52486,3.89E-08,0.000104427,0.000231504,0.000942945
5.53097,7.98E-09,0.000134707,0.00015235,0.000795841
5.5371,2.01E-08,0.000123024,4.48E-05,0.000853777
5.54324,7.25E-09,0.0001297,0.000229835,0.000943422
5.54939,9.08E-09,0.000123262,9.94E-05,0.00103545
5.55556,6.00E-09,9.82E-05,0.000225544,0.00106621
5.56174,8.71E-09,2.93E-05,0.000296593,0.00107074
5.56793,3.05E-09,7.10E-05,0.000102282,0.00101829
5.57414,4.03E-09,5.72E-05,0.00016427,0.00120974
5.58036,1.05E-08,0.000181198,0.000220776,0.00133371
5.58659,5.51E-09,8.06E-05,9.35E-05,0.00118995
5.59284,1.81E-08,9.35E-05,8.63E-05,0.000854492
5.5991,1.07E-08,0.000114202,0.00019455,0.000968695
5.60538,4.82E-09,8.20E-05,0.000176191,0.00121307
5.61167,4.73E-09,6.77E-05,8.63E-05,0.00119686
5.61798,3.36E-09,7.80E-05,0.000172854,0.00134182
5.6243,1.68E-08,0.000137806,0.000134707,0.00108385
5.63063,2.45E-08,0.000115633,0.000256777,0.00105762
5.63698,5.57E-09,7.63E-05,9.70E-05,0.00123596
5.64334,1.34E-08,0.000305653,0.000344992,0.00188398
5.64972,3.35E-09,0.000200748,0.000166178,0.00127912
5.65611,1.92E-08,6.84E-05,0.0001266,0.00113416
5.66251,1.48E-08,7.51E-05,0.000272989,0.000870466
5.66893,1.19E-08,5.63E-05,9.92E-05,0.000647306
5.67537,2.91E-08,0.000166893,0.000211477,0.000771999
5.68182,3.30E-08,3.55E-05,0.000252247,0.000678778
5.68828,4.64E-08,0.000132084,0.000170708,0.000725985
5.69476,1.67E-08,0.000394583,0.000227213,0.000693321
5.70125,9.11E-09,0.000164747,0.000190258,0.000457764
5.70776,2.82E-08,0.000164986,0.00039506,0.000376463
5.71429,2.33E-08,0.000224352,0.000223637,0.000412464
5.72082,2.70E-08,0.000306129,0.000318766,0.000432491
5.72738,6.59E-09,0.000161886,0.000124693,0.000296116
5.73394,8.32E-09,0.000259399,0.000190496,0.000253916
5.74053,2.05E-08,0.000164509,0.00020504,0.0001266
5.74713,5.89E-09,0.000153065,0.000351191,0.000199318
5.75374,3.40E-08,0.000154495,0.000207186,0.000260592
5.76037,7.82E-09,3.41E-05,0.000313997,0.000396729
5.76701,1.11E-07,0.000282049,0.000391007,0.000534534
5.77367,1.43E-08,9.20E-05,8.20E-05,6.46E-05
5.78035,1.74E-08,0.000169992,0.000240803,0.000196934
5.78704,1.56E-09,0.000125408,0.000132322,0.000204563
5.79374,1.28E-08,0.000135422,0.000355959,0.000124455
5.80046,2.90E-08,5.41E-05,0.00024271,0.000145912
5.8072,2.73E-08,0.000147581,0.000144005,0.00020051
5.81395,1.23E-08,0.000262022,0.000366688,0.000218868
5.82072,7.42E-08,0.000138283,0.000496387,0.000147581
5.82751,5.72E-08,0.000112534,0.000153065,0.000193119
5.83431,1.66E-08,3.55E-05,0.000376463,0.000125408
5.84112,2.61E-08,0.000127792,0.000136375,0.000248671
5.84795,1.99E-08,0.000114441,0.000406265,0.000328779
5.8548,1.32E-09,0.000147819,0.000438452,0.000195742
5.86166,3.79E-08,0.00031352,0.000457525,0.000163317
5.86854,8.95E-10,0.000139952,0.000415325,0.00027132
5.87544,9.75E-09,5.87E-05,0.000580072,0.000398874
5.88235,1.99E-07,0.000344276,0.000405788,0.000543594
5.88928,2.59E-08,0.000142574,0.000188351,0.000269651
5.89623,1.26E-07,0.000176191,0.00046277,0.000434875
5.90319,2.80E-08,3.62E-05,0.000105381,0.000108719
5.91017,1.11E-08,0.000118256,0.00019455,0.000153065
5.91716,2.08E-08,4.46E-05,0.000113726,0.00020957
5.92417,1.09E-08,0.00014925,0.000385284,0.000249863
5.9312,1.88E-08,4.94E-05,0.000295639,0.000524283
5.93824,4.73E-07,0.000388622,0.000919104,0.00124669
5.9453,1.81E-08,0.000182867,0.000448465,0.000190735
5.95238,2.74E-08,7.15E-06,0.000394106,0.000524521
5.95948,7.81E-09,0.000294447,0.000183582,0.0002985
5.96659,2.88E-08,0.000254154,0.000531197,0.000445127
5.97372,1.07E-08,3.19E-05,0.000268459,1.00E-05
5.98086,1.01E-08,0.000115395,0.000168323,0.000150204
5.98802,1.29E-07,0.000167131,0.000385523,0.000491858
5.9952,9.94E-09,0.000101805,0.000368118,0.000353813
6.0024,9.50E-09,8.23E-05,0.000382185,0.000103712
6.00962,1.19E-08,0.000108957,0.000332356,0.00016737
6.01685,3.36E-08,0.000245571,0.000220299,0.000158548
6.0241,7.76E-09,1.24E-05,0.000296116,0.000144482
6.03136,1.39E-08,4.05E-05,0.000185728,0.000100851
6.03865,4.10E-08,9.75E-05,0.000204325,0.000213623
6.04595,4.16E-07,0.000425816,0.000644445,0.00107575
6.05327,1.25E-07,0.000425816,0.0011971,0.0001688
6.06061,1.26E-08,9.89E-05,0.000479221,0.000182867
6.06796,8.77E-08,0.000193119,0.000375986,0.000413656
6.07533,1.55E-07,0.000277996,0.000390768,0.00058341
6.08273,2.48E-08,0.000121593,0.000151157,0.000115395
6.09013,2.00E-08,5.36E-05,0.000339985,0.000119448
6.09756,5.41E-09,0.000100374,0.000429153,0.000154972
6.10501,2.30E-08,8.46E-05,0.000635385,0.00017333
6.11247,1.18E-07,0.000545263,0.000654697,0.000606298
6.11995,6.48E-09,0.000277519,0.000417233,0.000235319
6.12745,2.00E-08,7.96E-05,0.000140905,0.000334024
6.13497,5.58E-09,0.000127077,0.000628471,0.000146151
6.14251,1.48E-08,0.000130177,0.00038743,0.000236511
6.15006,1.66E-09,0.000145435,0.000849485,0.000193119
6.15764,4.40E-08,0.000114441,0.000198126,0.000367165
6.16523,2.20E-08,5.89E-05,0.00074625,0.000108719
6.17284,1.23E-08,7.87E-06,0.000284433,0.000268459
6.18047,2.37E-08,2.62E-05,0.000901938,0.000232696
6.18812,7.25E-09,0.000106811,0.000232458,0.000300646
6.19579,1.06E-08,4.98E-05,0.000978231,0.000183821
6.20347,1.79E-08,9.58E-05,0.00037837,0.000100374
6.21118,1.30E-08,9.42E-05,0.0011301,0.000232935
6.21891,2.52E-08,0.000155449,0.000910997,0.000263691
6.22665,1.11E-08,6.13E-05,0.00105548,0.000116587
6.23441,6.61E-09,0.00017643,0.0010457,1.41E-05
6.2422,1.04E-08,6.94E-05,0.00152731,0.000137329
6.25,9.73E-09,5.41E-05,0.00126267,0.000221014
6.25782,7.62E-09,0.000130892,0.00134754,0.000230074
6.26566,5.02E-09,8.94E-05,0.00169921,0.000180483
6.27353,-2.06E-09,9.18E-05,0.00193596,0.000226736
6.28141,8.41E-09,0.000123978,0.00215697,0.000103712
6.28931,1.62E-08,0.000188828,0.00176883,0.00015831
6.29723,1.82E-09,0.000163317,0.00255012,0.000113964
6.30517,1.70E-08,7.65E-05,0.00232029,0.000162363
6.31313,3.21E-08,4.79E-05,0.00291681,0.000174046
6.32111,2.01E-08,0.000175953,0.00261021,0.000215054
6.32911,8.50E-09,8.49E-05,0.00385213,0.000121593
6.33714,4.17E-09,0.000141382,0.00309491,0.000112534
6.34518,1.41E-07,0.000267983,0.00569773,0.000484943
6.35324,2.36E-08,4.82E-05,0.00425124,7.87E-05
6.36132,1.25E-08,1.22E-05,0.00667143,0.000167847
6.36943,3.03E-08,0.000226736,0.00477409,0.000341415
6.37755,2.16E-08,0.000162125,0.00918817,0.000170469
6.3857,1.60E-08,0.00010848,0.00832534,0.000160933
6.39386,8.99E-09,0.000198603,0.0130382,0.00028944
6.40205,8.20E-09,0.000113726,0.0120082,0.00026536
6.41026,4.16E-07,0.000499487,0.0207274,0.000689983
6.41849,5.57E-07,0.00105476,0.0185451,0.000593424
6.42674,1.75E-09,7.87E-05,0.0262673,0.000187635
6.43501,1.56E-08,0.000296354,0.0319157,0.000121355
6.4433,2.02E-08,0.000149012,0.0431385,0.000257254
6.45161,9.57E-09,0.000101328,0.0546529,4.86E-05
6.45995,1.43E-08,0.000160456,0.0779407,0.000148773
6.46831,1.29E-08,0.000160456,0.0997148,0.000121593
6.47668,1.10E-07,0.000221491,0.14815,0.000132561
6.48508,1.23E-07,0.000136852,0.199707,0.000363112
6.49351,2.22E-07,0.000363588,0.251723,0.00064683
6.50195,6.35E-08,0.000280142,0.360518,0.000126362
6.51042,5.63E-09,0.000124931,0.40015,0.00014925
6.5189,2.07E-08,0.000149012,0.444805,0.000139237
6.52742,4.48E-09,0.000121117,0.39417,0.000130177
6.53595,0,0.000144958,0.357338,6.89E-05
6.5445,1.72E-08,0.000109434,0.277344,0.00017333
6.55308,3.26E-08,0.000335932,0.238861,0.000127077
6.56168,6.79E-08,0.000164509,0.178075,0.000185251
6.5703,9.60E-08,5.56E-05,0.171227,0.000506639
6.57895,7.21E-08,0.0002985,0.125154,0.00013113
6.58762,3.21E-08,0.000156403,0.118701,0.000119924
6.59631,6.32E-08,0.000218868,0.0968485,0.000176907
6.60502,1.24E-08,0.000100136,0.0917676,0.000275135
6.61376,5.07E-09,9.61E-05,0.0803049,0.000149012
6.62252,3.10E-09,9.89E-05,0.0782993,0.000178337
6.6313,2.44E-08,0.00026679,0.070847,0.000771046
6.64011,2.27E-07,0.000799656,0.0699227,0.000734568
6.64894,1.30E-08,0.000104189,0.0626779,0.000213385
6.65779,3.72E-08,5.53E-05,0.0617414,7.53E-05
6.66667,1.04E-08,0.000120401,0.0590434,0.000130415
6.67557,3.62E-09,5.96E-05,0.0587099,0.000133514
6.68449,9.73E-09,0.000123262,0.0562434,0.00031662
6.69344,1.90E-08,0.000177145,0.0561194,0.000136375
6.70241,5.26E-08,0.00016427,0.0551674,0.000164032
6.71141,4.69E-08,0.000177383,0.055012,0.000383139
6.72043,1.77E-08,7.22E-05,0.0555029,0.000170469
6.72948,3.38E-08,0.000124216,0.0561731,5.01E-05
6.73854,1.47E-08,0.000110149,0.0566611,0.000215292
6.74764,-1.22E-10,0.000171185,0.0575368,0.000225544
6.75676,7.35E-09,0.000115871,0.0592871,0.000151396
6.7659,2.47E-08,0.000115633,0.0603368,0.000246286
6.77507,2.19E-08,0.000173569,0.0630605,0.000120401
6.78426,3.07E-08,0.000213146,0.0648258,0.000147819
6.79348,4.33E-08,0.000122786,0.0682874,0.000300407
6.80272,2.29E-08,0.00011301,0.070339,0.000120163
6.81199,6.31E-09,9.97E-05,0.0746677,0.000153542
6.82128,2.31E-08,0.000124216,0.0779858,0.000187159
6.8306,2.20E-08,0.000188112,0.0841551,0.000521183
6.83995,3.47E-09,7.89E-05,0.0877767,9.30E-05
6.84932,1.71E-08,0.000116348,0.0952985,0.000237227
6.85871,8.46E-08,0.000375509,0.0999811,0.000241756
6.86813,2.55E-08,0.000321627,0.112746,0.000409365
6.87758,1.96E-08,0.000134468,0.117892,0.000160933
6.88705,1.92E-08,8.20E-05,0.131864,0.000167131
6.89655,5.54E-09,0.000157833,0.141257,5.65E-05
6.90608,1.70E-08,0.000227928,0.158493,4.70E-05
6.91563,1.13E-08,1.36E-05,0.173152,0.00015068
6.92521,2.67E-08,0.000104904,0.193588,0.000121593
6.93481,5.91E-09,0.000174284,0.214243,0.000140667
6.94444,4.19E-09,0.00015831,0.243829,0.000115871
6.9541,2.04E-08,0.000166178,0.266106,9.25E-05
6.96379,1.37E-08,0.000165939,0.309666,0.000328541
6.9735,2.20E-08,0.000154972,0.341693,0.00022459
6.98324,2.40E-08,0.000258446,0.385621,0.000162602
6.99301,6.95E-09,0.000177145,0.431057,0.000135422
7.0028,2.62E-09,2.17E-05,0.481075,0.000178575
7.01262,3.78E-09,0.000140905,0.528748,5.03E-05
7.02247,8.13E-09,0.00023675,0.571465,3.15E-05
7.03235,1.30E-08,0.000104189,0.617178,0.000107288
7.04225,2.02E-08,0.000266075,0.640076,0.000173092
7.05219,5.81E-08,0.000100851,0.662773,0.000126123
7.06215,2.40E-08,0.00014472,0.659863,0.00013113
7.07214,4.68E-08,3.15E-05,0.651932,0.000191212
7.08215,2.43E-09,0.00013113,0.625547,0.000148773
7.0922,4.46E-08,0.00018549,0.596361,0.000321627
7.10227,3.88E-09,5.05E-05,0.556057,7.72E-05
7.11238,4.52E-08,0.00019002,0.519501,0.000104427
7.12251,1.09E-08,0.000197887,0.474919,0.00022006
7.13267,1.63E-08,2.41E-05,0.441437,0.000331163
7.14286,6.09E-08,0.000237703,0.404432,0.000256538
7.15308,1.65E-08,0.000124216,0.371676,0.000159979
7.16332,1.61E-09,0.000185728,0.346841,0.00020957
7.1736,1.59E-08,0.000263691,0.317841,0.000231743
7.18391,7.36E-09,0.000195742,0.296039,7.56E-05
7.19424,5.02E-10,0.000186682,0.276301,0.000151634
7.20461,1.06E-08,0.000164986,0.259098,0.000184536
7.21501,1.55E-08,8.87E-05,0.241295,4.20E-05
7.22543,2.46E-08,0.000115395,0.230752,6.56E-05
7.23589,2.41E-08,0.000188112,0.218009,0.000143766
7.24638,1.46E-09,0.000148058,0.208541,0.000200987
7.25689,7.30E-09,7.58E-05,0.199333,7.01E-05
7.26744,1.69E-08,0.000109672,0.19295,9.04E-05
7.27802,3.63E-08,0.000175238,0.184344,9.92E-05
7.28863,1.38E-08,0.000213385,0.179222,4.89E-05
7.29927,1.24E-08,0.000160694,0.174952,0.00012207
7.30994,1.40E-08,9.25E-05,0.171113,0.000176907
7.32064,3.57E-08,0.000140905,0.167364,7.68E-05
7.33138,1.16E-08,0.000123024,0.165415,0.000189066
7.34214,3.99E-08,6.99E-05,0.161699,0.000263214
7.35294,1.06E-08,6.82E-05,0.161106,0.000115871
7.36377,9.12E-10,7.89E-05,0.160146,8.99E-05
7.37463,2.50E-08,5.10E-05,0.160606,0.000113249
7.38552,2.57E-08,0.000245094,0.160012,0.000211716
7.39645,1.31E-09,0.000204563,0.160783,0.000125885
7.40741,8.74E-09,7.44E-05,0.161555,8.46E-05
7.4184,1.09E-08,0.000139237,0.163496,0.000125885
7.42942,2.45E-08,0.0001719,0.165232,0.000100374
7.44048,1.91E-08,0.000235081,0.168469,0.000122786
7.45156,2.71E-09,0.000121117,0.171093,0.000133991
7.46269,3.29E-08,0.000201702,0.174869,5.41E-05
7.47384,4.53E-09,0.000116825,0.178437,0.000140905
7.48503,2.12E-08,0.000221252,0.183678,0.000229359
7.49625,1.73E-08,0.000211239,0.189843,0.00020361
7.50751,1.68E-08,7.25E-05,0.196414,0.000161171
7.5188,1.14E-08,0.00010705,0.203024,0.000181675
7.53012,1.26E-08,0.000112057,0.211432,0.000158787
7.54148,1.03E-08,3.58E-05,0.220448,0.000135183
7.55287,7.46E-09,0.000107288,0.230595,9.63E-05
7.5643,1.16E-08,0.0001688,0.242274,6.56E-05
7.57576,7.03E-09,0.000172615,0.254124,7.68E-05
7.58725,1.86E-08,0.000112534,0.268159,0.000187635
7.59878,2.18E-08,6.63E-05,0.284186,0.000174046
7.61035,2.08E-08,5.87E-05,0.301906,0.000152826
7.62195,2.48E-08,9.85E-05,0.320228,0.000154495
7.63359,5.50E-09,8.54E-05,0.341548,0.000110149
7.64526,2.44E-10,0.000122786,0.363612,0.000170469
7.65697,1.82E-08,0.00017786,0.389046,0.000143528
7.66871,6.39E-09,0.000124931,0.415222,0.000113726
7.68049,2.53E-08,5.63E-05,0.444147,8.13E-05
7.69231,1.48E-08,7.27E-05,0.473489,5.51E-05
7.70416,4.29E-09,0.000187397,0.506257,0.000157356
7.71605,5.33E-09,0.000107288,0.536484,0.000137091
7.72798,1.02E-08,0.000109434,0.568778,0.000116825
7.73994,1.53E-08,4.17E-05,0.597701,4.77E-05
7.75194,5.30E-09,0.000128985,0.627171,0.000107765
7.76398,4.04E-08,0.0001688,0.64894,0.000149727
7.77605,2.41E-08,0.000116825,0.667948,0.000185728
7.78816,3.59E-09,0.000121117,0.679374,9.27E-05
7.80031,2.38E-08,0.000213861,0.684909,6.56E-05
7.8125,7.84E-09,3.03E-05,0.6815,0.000105619
7.82473,4.27E-09,9.25E-05,0.672163,9.58E-05
7.83699,1.86E-08,0.000123501,0.655447,0.000225306
7.84929,1.61E-08,1.17E-05,0.634295,0.000116587
7.86164,3.18E-09,9.42E-05,0.608294,6.68E-06
7.87402,4.26E-09,0.000161648,0.579342,4.72E-05
7.88644,1.24E-08,0.000216246,0.548671,0.000208616
7.89889,1.91E-08,0.00015235,0.517408,0.000117064
7.91139,4.18E-09,0.000172377,0.48668,6.41E-05
7.92393,3.21E-09,0.000240326,0.456376,8.03E-05
7.93651,6.14E-09,3.53E-05,0.428287,0.000198841
7.94913,1.48E-08,0.000130653,0.400893,6.06E-05
7.96178,2.55E-08,0.0002563,0.376397,0.00020504
7.97448,1.49E-08,0.000291824,0.352736,0.000135899
7.98722,1.60E-08,0.000142574,0.331917,0.00014019
8,1.06E-08,3.72E-05,0.312092,0.000172615
8.01282,1.63E-08,0.000201702,0.294596,0.000219584
8.02568,1.79E-09,0.000138044,0.27793,0.000133991
8.03859,2.61E-08,0.000104189,0.26403,0.00016427
8.05153,8.66E-11,0.000240326,0.250098,0.000208378
8.06452,3.79E-09,0.000103712,0.238479,7.49E-05
8.07754,2.21E-08,7.49E-05,0.227344,0.000115871
8.09061,8.16E-09,7.72E-05,0.217516,0.00012207
8.10373,1.14E-08,8.87E-05,0.208212,6.65E-05
8.11688,1.14E-08,6.15E-05,0.200329,0.000187635
8.13008,2.28E-08,7.37E-05,0.192328,1.62E-05
8.14332,3.40E-08,0.000215054,0.185654,0.000113249
8.15661,1.02E-08,4.60E-05,0.17924,0.000206471
8.16993,4.92E-09,6.96E-05,0.17358,7.30E-05
8.18331,1.77E-08,0.000237942,0.168484,0.000140905
8.19672,3.07E-08,0.000155211,0.164188,6.46E-05
8.21018,1.19E-08,3.03E-05,0.160132,0.000104189
8.22368,1.25E-08,7.68E-05,0.156718,0.000151157
8.23723,1.26E-08,0.000189543,0.153586,0.000178337
8.25083,1.19E-08,0.000221968,0.150387,0.000148058
8.26446,3.09E-08,0.000186205,0.147561,8.56E-05
8.27815,1.94E-08,7.22E-05,0.144224,0.000171423
8.29187,2.14E-08,0.000134707,0.141114,0.000143766
8.30565,3.03E-08,0.000130653,0.138185,3.08E-05
8.31947,1.29E-08,0.000229597,0.135733,0.000146151
8.33333,1.64E-08,9.87E-05,0.132335,0.000167847
8.34725,1.57E-09,0.000170946,0.128758,0.000285625
8.3612,1.19E-08,8.08E-05,0.124421,5.65E-05
8.37521,9.60E-09,4.79E-05,0.119703,3.84E-05
8.38926,4.55E-09,5.46E-05,0.114285,0.000235319
8.40336,4.99E-08,0.000123024,0.108713,0.000173807
8.41751,1.58E-08,0.000149012,0.101891,0.000112295
8.4317,9.87E-09,2.29E-05,0.0952113,0.000178099
8.44595,2.33E-08,7.63E-05,0.0882509,0.000357628
8.46024,2.61E-08,0.00020361,0.0807593,0.000202894
8.47458,3.14E-08,0.000121117,0.0734901,0.00035882
8.48896,1.45E-08,0.000171185,0.0663717,0.000463247
8.5034,2.99E-08,0.00013566,0.0592961,0.000471592
8.51789,1.78E-09,0.000138998,0.0525682,0.000383377
8.53242,8.03E-09,0.00022459,0.0464413,0.000426531
8.54701,1.84E-08,0.00011754,0.0407496,0.000367403
8.56164,2.52E-08,0.000245333,0.0358159,0.000334978
8.57633,4.68E-09,0.000182152,0.0312264,0.000559092
8.59107,1.80E-08,0.000104427,0.0270772,0.000406265
8.60585,3.19E-08,0.000150442,0.0231862,0.000310898
8.62069,1.46E-08,0.000144005,0.0202444,0.000431776
8.63558,2.31E-08,0.000137329,0.017545,0.000448704
8.65052,2.36E-08,0.000116348,0.0148449,0.000379085
8.66551,7.82E-09,0.000118017,0.013036,0.000329018
8.68056,8.28E-09,0.000204086,0.0110688,0.000267744
8.69565,2.59E-08,7.15E-05,0.00927186,0.000570297
8.7108,5.28E-08,0.000107288,0.00811935,0.00022459
8.726,1.92E-08,0.00016284,0.0067811,7.15E-05
8.74126,1.66E-08,0.000146151,0.00570321,0.000129938
8.75657,4.63E-09,0.000167608,0.00489306,7.27E-05
8.77193,3.55E-09,5.70E-05,0.00407672,0.000207901
8.78735,1.32E-08,4.82E-05,0.00306034,0.000165939
8.80282,2.09E-08,0.000140905,0.00117612,0.000154734
8.81834,8.18E-09,0.000248432,0.00143337,0.000123262
8.83392,3.42E-08,0.000106573,0.00109315,0.000148058
8.84956,1.99E-08,0.000185013,0.000873804,0.000164509
8.86525,4.52E-08,3.86E-05,0.000264168,0.000120163
8.88099,3.19E-08,0.000115395,0.000431061,0.000121593
8.8968,5.87E-09,0.000169754,0.000124931,0.000144005
8.91266,9.85E-09,0.000180244,0.000442266,4.41E-05
8.92857,6.57E-09,0.000240803,-9.54E-07,0.000130653
8.94454,4.11E-08,0.000154018,0.000168323,7.39E-05
8.96057,2.21E-08,7.72E-05,7.84E-05,0.000156879
8.97666,7.29E-09,0.000127316,0.000380516,0.000109911
8.99281,2.24E-08,0.000123978,0.000474453,4.43E-05
9.00901,3.08E-08,4.53E-05,0.000372171,0.000170469
9.02527,5.21E-09,0.000243664,0.000507593,0.000210762
9.04159,2.01E-08,0.000275612,0.000552177,0.000209093
9.05797,1.97E-08,0.000146866,0.000603437,0.000211954
9.07441,4.83E-08,0.000112534,0.000640631,4.58E-05
9.09091,1.42E-08,4.39E-05,0.000547409,0.000142574
9.10747,1.42E-08,0.000134468,0.0005126,0.000114679
9.12409,6.52E-09,4.82E-05,0.000587463,0.000274897
9.14077,3.37E-08,0.000119924,0.000852585,8.44E-05
9.15751,3.00E-08,9.51E-05,0.000397921,1.48E-05
9.17431,8.40E-09,0.000249624,0.000482798,0.000168323
9.19118,3.18E-09,9.06E-05,0.000545025,0.000141382
9.2081,1.13E-08,9.87E-05,0.000540972,0.000189543
9.22509,6.52E-09,0.000132799,0.000449896,0.000408411
9.24214,2.82E-09,5.32E-05,0.000280619,0.000264645
9.25926,3.54E-09,6.84E-05,0.000378847,0.000361681
9.27644,4.85E-08,7.15E-05,0.000216484,0.000208855
9.29368,5.32E-08,0.000181436,0.000524521,0.000412226
9.31099,7.33E-08,0.000179529,0.000558615,5.22E-05
9.32836,6.50E-08,1.41E-05,0.00054884,0.000482321
9.34579,2.34E-08,6.53E-05,0.000486374,0.000341415
9.3633,2.20E-08,0.000154018,0.000158548,0.000124931
9.38086,2.90E-08,0.000150442,0.00031352,0.000213146
9.3985,4.56E-09,8.58E-06,0.000493526,0.000120401
9.4162,5.09E-10,0.000126839,0.00036788,0.00019598
9.43396,4.03E-08,9.66E-05,0.000170469,0.000245094
9.4518,2.40E-08,0.000155449,0.000156641,0.000144482
9.4697,2.91E-08,0.000194788,0.000175714,9.13E-05
9.48767,4.31E-08,-3.60E-05,0.000419855,0.000277519
9.5057,2.30E-08,0.000124693,0.000250816,0.000185966
9.52381,5.44E-08,0.000180244,8.63E-05,0.0001266
9.54198,6.05E-08,0.000216246,0.000196934,0.0003016
9.56023,3.36E-08,0.000104427,0.000161648,0.000142574
9.57854,1.30E-08,0.000290871,0.000136852,6.89E-05
9.59693,3.59E-09,0.000283957,0.000112057,0.000170946
9.61538,1.12E-08,0.000100374,0.000339508,0.000122309
9.63391,5.39E-08,0.000114679,0.000174999,0.000105381
9.65251,9.59E-09,0.000250578,0.000158548,9.32E-05
9.67118,-1.98E-09,0.000227213,6.91E-06,3.48E-05
9.68992,5.47E-08,0.000225306,0.000496387,0.00013113
9.70874,8.31E-09,0.000200748,0.000272512,7.37E-05
9.72763,1.84E-08,0.000102758,0.000123262,0.000112295
9.74659,7.54E-09,0.000203848,0.00035286,8.27E-05
9.76562,3.53E-08,0.000316143,0.000133753,0.000103474
9.78474,1.24E-07,0.000138998,0.000305176,4.27E-05
9.80392,1.15E-08,0.000155211,0.000402927,0.000301123
9.82318,2.89E-08,0.000419855,6.13E-05,0.000128508
9.84252,2.22E-08,0.00020957,0.000326395,0.000184059
9.86193,3.13E-09,0.000133753,0.000350714,0.000204563
9.88142,4.98E-08,0.000249386,0.000371456,0.000235081
9.90099,4.23E-08,7.41E-05,0.00019598,0.000500202
9.92063,3.21E-08,0.000228405,0.000146389,0.000176668
9.94036,4.80E-08,0.000500679,0.000160217,0.00023365
9.96016,4.31E-08,0.000189304,0.000219822,0.000166655
9.98004,4.69E-08,0.0001266,0.000247717,0.000277758
10,3.18E-08,0.000209331,0.00019145,0.000183105
10.02,1.98E-08,0.000295639,0.000171423,0.000171423
10.0402,2.00E-08,0.000198603,0.000237703,0.000268221
10.0604,1.27E-08,0.000241041,0.000115156,0.000192642
10.0806,1.69E-08,0.000134468,0.000188112,0.000120163
10.101,2.59E-08,9.04E-05,0.000166178,0.000151634
10.1215,7.75E-09,0.000144005,0.000125885,0.000211477
10.142,1.91E-08,0.000222206,0.000247002,0.000138044
10.1626,4.75E-08,0.000144482,8.08E-05,0.000122547
10.1833,9.17E-09,0.000133276,0.00024581,0.000381947
10.2041,1.40E-09,0.000225067,0.000294208,5.41E-05
10.2249,2.00E-08,0.000150919,6.44E-05,0.000237942
10.2459,1.02E-08,0.000160694,0.000189543,8.46E-05
10.2669,6.78E-08,7.87E-05,6.25E-05,0.000247955
10.2881,1.92E-08,0.000186205,9.25E-05,0.000180244
10.3093,3.84E-08,2.00E-05,0.000145435,7.84E-05
10.3306,6.22E-08,0.000199318,0.000123262,0.000288725
10.352,1.14E-08,0.00042963,8.30E-05,0.000118732
10.3734,3.88E-08,0.000178337,0.000298023,6.53E-05
10.395,4.39E-08,0.000257492,0.000210762,8.20E-05
10.4167,3.31E-08,8.08E-05,0.000148773,0.000161886
10.4384,1.17E-08,0.00010109,0.000237942,0.00011301
10.4603,3.27E-08,8.23E-05,0.000312567,0.000244617
10.4822,2.83E-08,0.000123262,0.000336885,0.000186443
10.5042,2.76E-08,0.000295639,9.01E-05,0.00019908
10.5263,1.20E-08,0.000272989,0.000257015,0.000133276
10.5485,3.05E-08,0.000227928,0.000295401,0.000169039
10.5708,7.20E-08,0.000240803,0.00011301,0.000104666
10.5932,2.58E-08,0.000244856,0.000137091,0.000234127
10.6157,1.64E-08,0.000303268,0.000198603,0.000242233
10.6383,2.41E-08,0.00012064,0.000496387,3.65E-05
10.661,2.34E-08,9.13E-05,0.000232458,0.000369072
10.6838,6.53E-08,0.000267744,5.56E-05,0.000356674
10.7066,6.46E-08,0.000145197,0.000103474,0.000470638
10.7296,2.17E-08,0.000170469,6.22E-05,0.000160694
10.7527,1.17E-07,0.000221491,0.000482798,0.000231743
10.7759,5.95E-08,0.000129938,0.000291348,0.00023222
10.7991,1.16E-07,0.000125885,0.000326634,1.17E-05
10.8225,8.86E-08,0.00015831,0.000514984,0.000485182
10.846,1.03E-07,0.000332117,0.000695229,0.000217438
10.8696,8.77E-08,0.000157118,0.00119805,0.000198603
10.8932,3.77E-08,0.000388384,0.00163579,0.000393629
10.917,1.54E-08,4.65E-05,0.00221014,0.000353813
10.9409,5.64E-08,0.000262022,0.00319266,0.00101233
10.9649,7.17E-08,0.000108004,0.00422525,0.000322819
10.989,1.13E-08,8.80E-05,0.00544381,0.00115704
11.0132,4.31E-08,0.000396252,0.00707054,0.00165272
11.0375,4.27E-08,0.000292301,0.00877214,0.00219202
11.0619,5.34E-08,0.000164986,0.0111988,0.0031271
11.0865,1.35E-08,0.000279903,0.0135112,0.00413966
11.1111,2.37E-08,0.000170231,0.0169911,0.00503159
11.1359,1.07E-07,0.000393629,0.0208554,0.006778
11.1607,2.64E-07,0.000422239,0.0252216,0.00825691
11.1857,6.10E-08,0.000127316,0.0299847,0.00996757
11.2108,9.00E-08,0.000320435,0.0349276,0.0118923
11.236,2.97E-08,0.000155211,0.040699,0.0142734
11.2613,5.66E-08,0.00014019,0.0461411,0.0161581
11.2867,3.50E-08,0.000113726,0.0519321,0.0179741
11.3122,4.26E-08,0.000676394,0.0581834,0.020575
11.3379,5.19E-08,0.000691175,0.0640945,0.0229204
11.3636,1.18E-07,0.000203848,0.0707398,0.0257034
11.3895,6.17E-08,0.000152588,0.0776572,0.0285893
11.4155,2.58E-07,0.000337362,0.0840428,0.0323322
11.4416,6.78E-08,0.000309706,0.0912554,0.0362976
11.4679,2.71E-08,7.15E-05,0.0984666,0.0409014
11.4943,8.87E-08,0.000112534,0.105648,0.0456984
11.5207,7.65E-08,0.000261307,0.112628,0.051655
11.5473,4.00E-08,0.000325441,0.120653,0.0579417
11.5741,1.07E-07,0.00027442,0.12873,0.0649817
11.6009,6.38E-08,0.000141859,0.137337,0.0723438
11.6279,1.00E-07,0.000246048,0.144916,0.0809343
11.655,7.14E-09,0.000364304,0.153358,0.0906682
11.6822,3.64E-08,0.000124216,0.161584,0.100679
11.7096,4.28E-08,0.000321865,0.170415,0.112154
11.7371,5.90E-08,0.000149965,0.178463,0.122627
11.7647,9.53E-08,0.000233889,0.186699,0.133456
11.7925,8.44E-08,0.000348568,0.19431,0.142629
11.8203,4.25E-08,0.000359774,0.202852,0.150494
11.8483,5.42E-08,0.000395536,0.209351,0.155939
11.8765,2.19E-08,0.000396252,0.215358,0.158947
11.9048,3.07E-08,0.000221491,0.220316,0.159416
11.9332,7.65E-08,-1.53E-05,0.222858,0.157541
11.9617,7.49E-08,0.000198364,0.22409,0.153139
11.9904,8.82E-08,0.000175714,0.22261,0.146511
12.0192,1.51E-08,0.000277042,0.219651,0.139125
12.0482,3.05E-08,0.000403643,0.216991,0.131413
12.0773,3.12E-08,9.06E-05,0.213874,0.123811
12.1065,7.25E-08,0.000228643,0.20908,0.115939
12.1359,6.29E-08,0.000568151,0.204785,0.108185
12.1655,2.37E-07,0.000249147,0.197798,0.100938
12.1951,1.66E-07,0.000178099,0.192637,0.0935118
12.2249,8.45E-08,0.000205278,0.187654,0.0876386
12.2549,1.00E-07,0.000296593,0.181748,0.0818212
12.285,2.03E-08,0.000323057,0.174252,0.0759454
12.3153,3.09E-07,0.000362396,0.166643,0.0703876
12.3457,6.91E-08,0.000229359,0.158651,0.0649819
12.3762,7.04E-08,0.000834465,0.153179,0.0617254
12.4069,5.18E-08,0.000287056,0.144977,0.0572145
12.4378,5.34E-08,0.000262976,0.138285,0.0536432
12.4688,1.65E-08,5.01E-06,0.130265,0.0498779
12.5,1.89E-07,0.000206947,0.121142,0.0454927
12.5313,6.80E-08,0.000712156,0.113778,0.0421233
12.5628,5.47E-08,0.000567675,0.107433,0.0394509
12.5945,1.36E-07,0.000334501,0.101013,0.0375164
12.6263,8.29E-08,0.000472307,0.0957508,0.0357387
12.6582,3.00E-08,0.000519514,0.0913448,0.0344648
12.6904,6.83E-08,0.00036931,0.0869873,0.0325344
12.7226,6.68E-08,0.000248432,0.0826337,0.0314519
12.7551,5.12E-09,0.000303507,0.0792823,0.0303457
12.7877,9.66E-08,0.000151873,0.0759194,0.0291805
12.8205,6.65E-08,0.000210762,0.0733001,0.0289037
12.8535,3.33E-08,0.000171661,0.0706849,0.0278878
12.8866,8.79E-08,0.000684261,0.0681841,0.0270605
12.9199,3.67E-08,0.000390291,0.0663388,0.0269306
12.9534,3.67E-08,8.39E-05,0.0638275,0.0268474
12.987,2.64E-08,0.000405312,0.0621703,0.0259497
13.0208,1.62E-07,0.000255585,0.0606902,0.025938
13.0548,5.88E-08,0.000401974,0.0594339,0.0255032
13.089,1.84E-08,9.08E-05,0.0583963,0.0254147
13.1234,2.04E-07,0.000511646,0.0569739,0.0250483
13.1579,2.05E-07,0.000476122,0.056531,0.0245779
13.1926,2.68E-08,0.000442982,0.0550416,0.0246182
13.2275,6.18E-09,0.000226021,0.0544012,0.0245507
13.2626,1.73E-07,0.000230789,0.0538461,0.0244143
13.2979,8.94E-08,0.000221014,0.0525567,0.024672
13.3333,2.17E-08,0.000348568,0.052254,0.0243831
13.369,7.03E-08,0.000624895,0.0513034,0.0243564
13.4048,9.90E-08,0.000633001,0.0498338,0.0238073
13.4409,5.20E-08,0.000381231,0.0487325,0.0235522
13.4771,2.04E-07,0.000411272,0.0482957,0.0239701
13.5135,1.18E-07,0.000391007,0.0489929,0.0239987
13.5501,1.03E-07,0.00020957,0.0496171,0.0245097
13.587,2.13E-07,0.000433445,0.0501506,0.0244825
13.624,1.09E-07,0.000408411,0.0509446,0.0250273
13.6612,1.15E-07,0.000344753,0.0512268,0.0256014
13.6986,2.16E-07,0.000637293,0.0520341,0.0256505
13.7363,2.76E-07,0.000356674,0.0518489,0.025697
13.7741,1.15E-07,0.000254631,0.0525875,0.0263019
13.8122,3.27E-07,0.000409365,0.0532019,0.0264816
13.8504,2.36E-07,0.000349045,0.0535395,0.0260656
13.8889,1.72E-07,0.000373363,0.0538824,0.0265446
13.9276,6.84E-08,0.000567436,0.0553346,0.0272953
13.9665,4.95E-08,0.000547171,0.0572998,0.0274971
14.0056,1.85E-07,0.000456572,0.057502,0.0274999
14.0449,5.64E-08,0.000563145,0.0580397,0.0265272
14.0845,2.75E-07,0.000573158,0.0565124,0.026283
14.1243,2.21E-07,0.00100756,0.0571265,0.0257561
14.1643,9.31E-08,0.00050807,0.0559223,0.0254006
14.2045,3.04E-07,0.000295162,0.0555494,0.024436
14.245,8.05E-08,0.000519276,0.0553541,0.0246801
14.2857,4.89E-08,0.000433922,0.0541856,0.0232129
14.3266,1.56E-07,0.000865936,0.05373,0.022758
14.3678,1.72E-07,0.000213385,0.0527008,0.0218246
14.4092,1.40E-07,0.000523567,0.0518243,0.021549
14.4509,1.93E-07,0.000627279,0.0511262,0.0207322
14.4928,3.55E-07,0.000591755,0.0508723,0.0206087
14.5349,4.71E-07,7.65E-05,0.0501795,0.0195375
14.5773,2.10E-07,0.000146866,0.0500538,0.0188811
14.6199,3.65E-07,0.000222444,0.0491564,0.0190506
14.6628,1.40E-07,0.00016737,0.0488155,0.0190713
14.7059,4.35E-07,0.000277758,0.0490076,0.0186403
14.7493,2.75E-07,0.000579119,0.0488737,0.018379
14.7929,9.96E-08,0.00103593,0.0488083,0.0177512
14.8368,1.92E-07,0.000475407,0.0479963,0.0176945
14.881,1.67E-07,0.00036335,0.0483127,0.0176535
14.9254,2.72E-07,0.000659704,0.0480876,0.0177712
14.9701,3.73E-07,0.00060606,0.0493133,0.0161836
15.015,9.21E-08,0.000714779,0.0491438,0.0180497
15.0602,1.79E-07,0.000383377,0.0495055,0.0183818
15.1057,1.29E-07,0.000576496,0.0503747,0.0174866
15.1515,1.58E-08,0.000220537,0.051564,0.018333
15.1976,1.19E-07,0.000391007,0.052356,0.0184245
15.2439,1.80E-07,0.000162363,0.0537605,0.0197864
15.2905,4.49E-07,0.000633478,0.0548425,0.0195329
15.3374,9.25E-08,0.000436783,0.0557353,0.0203965
15.3846,5.64E-07,0.000772476,0.0572131,0.0220721
15.4321,1.40E-07,0.000290632,0.059386,0.0225103
15.4799,1.96E-07,0.000746727,0.0615795,0.0220647
15.528,4.00E-07,0.00040412,0.0642316,0.023659
15.5763,2.99E-07,0.000864506,0.0656056,0.0249634
15.625,3.50E-07,0.000632763,0.0679772,0.0261886
15.674,1.84E-07,0.000124216,0.0703256,0.0268738
15.7233,2.17E-07,0.000653744,0.0739954,0.0292654
15.7729,9.60E-08,0.000723839,0.0760548,0.0301366
15.8228,1.66E-07,0.000270367,0.0725212,0.0284615
15.873,2.77E-07,0.000606537,0.0645137,0.0255017
15.9236,1.60E-07,0.000587463,0.0576949,0.0233069
15.9744,5.47E-07,0.000511646,0.0530484,0.0207353
16.0256,6.11E-07,0.000313759,0.0539029,0.0229318
16.0772,3.60E-07,0.0002985,0.0581186,0.0246475
16.129,3.38E-07,0.000439644,0.0613344,0.0250039
16.1812,4.41E-07,0.000415087,0.0647049,0.027514
16.2338,4.98E-07,0.000181198,0.0662971,0.0292273
16.2866,1.29E-07,0.000365972,0.0651367,0.0289197
16.3399,6.77E-08,0.00078249,0.069483,0.0315185
16.3934,3.08E-08,0.000662327,0.0776575,0.0374465
16.4474,3.25E-07,0.0016017,0.0839932,0.0423915
16.5017,9.30E-07,0.00102925,0.0924003,0.0479984
16.5563,3.71E-07,0.000218868,0.103737,0.0553362
16.6113,5.55E-07,0.000994682,0.119448,0.065598
16.6667,8.50E-07,0.00163031,0.130926,0.0739489
16.7224,1.80E-07,0.000696421,0.14087,0.0843051
16.7785,5.99E-07,8.80E-05,0.150052,0.0917325
16.835,7.99E-07,0.00107813,0.15824,0.0999196
16.8919,2.27E-07,0.000895977,0.163826,0.106478
16.9492,1.29E-07,0.000235081,0.169255,0.113171
17.0068,9.59E-07,0.00048089,0.170539,0.117865
17.0648,5.30E-07,0.000755549,0.172655,0.121067
17.1233,1.10E-06,0.000515461,0.171827,0.122955
17.1821,-2.20E-08,0.000831842,0.171786,0.125519
17.2414,2.86E-07,0.000942707,0.170357,0.124526
17.301,3.01E-07,0.000946045,0.166443,0.122946
17.3611,1.82E-07,0.00094223,0.163455,0.122585
17.4216,5.31E-07,0.000953913,0.159576,0.117513
17.4825,1.23E-07,0.000891685,0.151518,0.11172
17.5439,1.07E-06,0.000779867,0.144969,0.106454
17.6056,5.14E-07,0.000952959,0.140644,0.10192
17.6678,1.99E-07,0.00119638,0.13677,0.0977056
17.7305,6.26E-07,0.00146675,0.132462,0.0930746
17.7936,3.61E-07,0.000353098,0.127589,0.087719
17.8571,2.66E-07,0.00066781,0.123309,0.0822058
17.9211,1.02E-06,0.000480652,0.118778,0.077111
17.9856,7.70E-07,0.00124001,0.113431,0.0736182
18.0505,7.26E-07,0.0011847,0.109559,0.0673938
18.1159,5.09E-07,0.000894785,0.104701,0.0632286
18.1818,9.78E-07,0.00119805,0.099802,0.0584679
18.2482,1.48E-07,0.00119662,0.095468,0.0551372
18.315,4.78E-07,0.000421286,0.0921912,0.0509038
18.3824,7.80E-07,0.000423431,0.0896018,0.0483995
18.4502,4.39E-07,0.000864029,0.0850883,0.0446973
18.5185,1.45E-06,0.000749588,0.0809212,0.0418441
18.5874,1.11E-07,0.00191379,0.0792139,0.041595
18.6567,9.54E-07,0.000467539,0.0771341,0.0370362
18.7266,2.24E-06,0.000386238,0.0749493,0.0357895
18.797,2.25E-07,0.000806808,0.072197,0.0345106
18.8679,1.12E-06,0.000747442,0.0693746,0.0321116
18.9394,1.92E-07,0.000947237,0.0686886,0.0303199
19.0114,1.71E-06,0.000853062,0.0665982,0.0297525
19.084,1.42E-06,0.000221014,0.0651917,0.0295956
19.1571,5.84E-07,0.000667334,0.0627971,0.0274432
19.2308,7.46E-07,0.00170779,0.0599468,0.0258608
19.305,3.38E-07,0.00147557,0.0524643,0.0222986
19.3798,1.18E-06,0.000645876,0.05213,0.0227728
19.4553,4.82E-07,0.000322819,0.0564454,0.0248649
19.5312,2.05E-06,0.000435352,0.0570703,0.0239253
19.6078,6.58E-07,0.000577688,0.056844,0.0241101
19.685,3.99E-07,0.000796795,0.0576937,0.024812
19.7628,6.51E-07,0.000738382,0.0587227,0.0262249
19.8413,5.96E-07,0.00108051,0.0579517,0.025599
19.9203,5.96E-07,0.0010376,0.0574756,0.025188
20,6.19E-07,0.0015378,0.0574768,0.0241806
20.0803,1.59E-06,0.000856161,0.0573809,0.025609
20.1613,1.74E-06,0.000308037,0.0575664,0.0251243
20.2429,8.25E-07,0.000892878,0.0569017,0.0251901
20.3252,3.83E-06,0.000734329,0.0566118,0.0216908
20.4082,2.12E-06,0.000473261,0.0568414,0.0221455
20.4918,1.29E-06,0.00178719,0.0535748,0.0220294
20.5761,5.39E-07,0.00192952,0.0536342,0.0223522
20.6612,8.17E-07,0.000279427,0.0537875,0.0223301
20.7469,3.47E-07,0.000574112,0.0540483,0.0210931
20.8333,1.33E-06,0.00120044,0.0544302,0.0205436
20.9205,7.44E-07,0.000926018,0.0536294,0.0222661
21.0084,4.10E-06,0.00100803,0.0509882,0.020767
21.097,1.61E-06,0.00173902,0.0511954,0.0216756
21.1864,3.61E-07,0.00216699,0.0481491,0.0198367
21.2766,1.70E-06,0.00118899,0.0464199,0.0189688
21.3675,1.51E-06,0.000803947,0.0462,0.0167675
21.4592,5.51E-07,0.00147605,0.0439105,0.0172482
21.5517,0,0.000968933,0.0431476,0.0177059
21.645,2.41E-07,-1.12E-05,0.0421112,0.0156875
21.7391,1.61E-06,0.00094986,0.0401354,0.0157666
21.8341,3.19E-06,0.00130916,0.0377335,0.0153787
21.9298,3.68E-06,0.00102711,0.0393143,0.0149441
22.0264,4.85E-06,0.00221372,0.0384209,0.0130169
22.1239,2.84E-06,0.00151873,0.034081,0.0112438
22.2222,2.68E-06,0.00427103,0.03462,0.0132954
22.3214,2.88E-06,0.00423455,0.0368988,0.013068
22.4215,1.51E-06,0.00162888,0.0340202,0.0116689
22.5225,7.15E-07,0.0041821,0.0317793,0.01336
22.6244,2.64E-06,0.00207734,0.0279765,0.00877476
22.7273,2.93E-06,0.00108528,0.0289106,0.00813341
22.8311,9.27E-06,0.00533843,0.0290904,0.00919104
22.9358,9.55E-06,0.00255251,0.0267036,0.00934696
23.0415,6.90E-06,0.00266933,0.0312841,0.00601172
23.1481,1.37E-05,0.00145125,0.0260005,0.0137808
23.2558,9.70E-06,0.00471735,0.0261891,0.00877976
23.3645,1.47E-05,0.00067687,0.025661,0.00720382
23.4742,8.51E-06,0.000974894,0.0259023,0.0088172
23.5849,4.66E-05,0.00420213,0.018316,0.00718379
23.6967,3.80E-05,0.00487757,0.0279493,0.00758195
23.8095,4.86E-05,0.00317574,0.0234539,0.0136776
23.9234,2.75E-05,0.00178742,0.0204005,0.00765014
24.0385,2.92E-05,0.00248456,0.021889,0.001647
24.1546,5.11E-05,0.00509047,0.0220466,0.00418353
24.2718,1.49E-05,0.00162864,0.0236425,0.0055964
24.3902,2.02E-05,0.00402546,0.0223553,0.00849247
24.5098,5.60E-05,0.00517798,0.0286171,0.00941992
24.6305,1.44E-05,-0.000980377,0.0339999,0.0012033
24.7525,0.000129391,0.0193179,0.0335822,0.00926399
24.8756,0.000116417,0.0197666,0.0286016,0.0134144
25,5.37E-05,-0.00136971,0.0175374,0.014703
25.1256,0,0.0172532,0.0165598,0.0194821
25.2525,0,0.021348,0.0193963,0.00884748
25.3807,0,0.00585771,0.0102837,0.00396347
25.5102,0,0.00471687,0.0193036,0.00490069
25.641,0,0.0232143,0.0370736,0.00739241
25.7732,0,0.0128763,0.0307195,0.00800848
25.9067,0,0.0168464,0.030808,0.00622892
26.0417,0,0.0142188,0.0463092,0.0343781
26.178,0,0.019201,0.0168269,0.0190589
26.3158,0,0.0163403,0.0348907,0.0352986
26.455,0,0.0465701,0.0384083,0.0289786
26.5957,0,0.0919592,0.0959778,0.0918646
26.738,0,0.126453,0.0937498,0.0738223